file_id,filename,b1_rms,b1_kurtosis,b1_skewness,label
0,2004.02.12.10.32.39,0.07417899856512623,0.6287626426442561,0.08399343541253215,Normal
1,2004.02.12.10.42.39,0.07538245681139528,0.6482910813108549,0.05214190733133261,Normal
2,2004.02.12.10.52.39,0.07622977446919937,0.5134753088232071,0.03280799811503519,Normal
3,2004.02.12.11.02.39,0.07872367646602975,1.1579527230048088,0.04148596171613033,Normal
4,2004.02.12.11.12.39,0.07847429073677968,0.6031769286310373,0.02822394436819329,Normal
5,2004.02.12.11.22.39,0.07831464139380724,0.45609362146286436,0.02685297230141105,Normal
6,2004.02.12.11.32.39,0.07863244325857172,0.4786149756059883,0.05859457915072469,Normal
7,2004.02.12.11.42.39,0.07777288022464836,0.4719824550317817,0.0825818179550488,Normal
8,2004.02.12.11.52.39,0.07902942984262255,0.404514320897305,-0.008060293710742156,Normal
9,2004.02.12.12.02.39,0.07571755989830316,0.32520331504832,0.04632106694487997,Normal
10,2004.02.12.12.12.39,0.07924111648011797,0.4552119318712826,0.03351974676189382,Normal
11,2004.02.12.12.22.39,0.077638908086269,0.6415150749455005,0.019565298132388165,Normal
12,2004.02.12.12.32.39,0.07740458087623109,0.3647260382142652,0.025770055100995167,Normal
13,2004.02.12.12.42.39,0.07986468720103242,0.5982531546782233,0.036749791511127325,Normal
14,2004.02.12.12.52.39,0.07921698007145074,0.5511103583412886,0.024887726210298083,Normal
15,2004.02.12.13.02.39,0.07866177721938719,0.5530516614826197,-0.01348361399462306,Normal
16,2004.02.12.13.12.39,0.07845338360094803,0.47996609907349486,0.01645553133519379,Normal
17,2004.02.12.13.22.39,0.07762277416041877,0.4477488811593342,0.02039051089838273,Normal
18,2004.02.12.13.32.39,0.07782555832949016,0.34144531637324205,0.003513831143354892,Normal
19,2004.02.12.13.42.39,0.07893316063389487,0.5964296522845243,-0.03212357182340833,Normal
20,2004.02.12.13.52.39,0.07902854786058722,0.5063801110635779,0.06155298503420976,Normal
21,2004.02.12.14.02.39,0.07936328499916934,0.3844068433999399,0.037744146441618366,Normal
22,2004.02.12.14.12.39,0.07948672040475141,0.4149724425540562,0.019707753869455672,Normal
23,2004.02.12.14.22.39,0.07975294340914243,0.5200740317916859,-0.03851889509533163,Normal
24,2004.02.12.14.32.39,0.07938138784581765,0.4846810415588352,-0.036549177114067834,Normal
25,2004.02.12.14.42.39,0.07759187944533484,0.3099755507638151,0.0266197723662214,Normal
26,2004.02.12.14.52.39,0.07774099563514575,0.36804211992333746,0.0013370289616362577,Normal
27,2004.02.12.15.02.39,0.07751394405806931,0.40420833824649316,-0.0326706483190684,Normal
28,2004.02.12.15.12.39,0.07827954401833694,0.3419917127536731,0.03369687604185462,Normal
29,2004.02.12.15.22.39,0.07886118143611597,0.5350200636292444,-0.006817488878259659,Normal
30,2004.02.12.15.32.39,0.07858236746600665,0.4890447103350155,-0.0026227136240164137,Normal
31,2004.02.12.15.42.39,0.08023091764702917,0.4867117699711172,0.02306220757724868,Normal
32,2004.02.12.15.52.39,0.07742107025313345,0.5086729705515918,-0.01826627067833771,Normal
33,2004.02.12.16.02.39,0.07901612461528817,0.40449241574751404,0.029730785177960038,Normal
34,2004.02.12.16.12.39,0.07823475415576188,0.40668092875128226,-0.014541133659960096,Normal
35,2004.02.12.16.22.39,0.07812870584960675,0.4218788787843972,-0.011723759566206884,Normal
36,2004.02.12.16.32.39,0.07686189103169887,0.409627806173567,-0.012802938401103163,Normal
37,2004.02.12.16.42.39,0.07986518700725069,0.5706517890996232,-0.009777100151057361,Normal
38,2004.02.12.16.52.39,0.07742917473155306,0.35696928410462325,0.04514825783681482,Normal
39,2004.02.12.17.02.39,0.0784612560514543,0.6561008820895786,-0.000504141721927954,Normal
40,2004.02.12.17.12.39,0.0785959604559929,0.5058926832599493,-0.03750214704176657,Normal
41,2004.02.12.17.22.39,0.07866142681365101,0.45311400755295494,-0.008567194109819452,Normal
42,2004.02.12.17.32.39,0.07762854039078106,0.4307640222326752,0.04469583003677711,Normal
43,2004.02.12.17.42.39,0.07820874324224403,0.488396336752809,-0.00635618800427185,Normal
44,2004.02.12.17.52.39,0.07808856431612202,0.5367816627512911,0.030868202418370145,Normal
45,2004.02.12.18.02.39,0.07648226248359404,0.45767000589970763,0.018150122530682534,Normal
46,2004.02.12.18.12.39,0.07891327536794347,0.3564760255027606,0.06839076596299971,Normal
47,2004.02.12.18.22.39,0.07732266473953077,0.49828610176171706,0.014921276074399692,Normal
48,2004.02.12.18.32.39,0.07824754763529333,0.3297582489932256,0.02582433830481776,Normal
49,2004.02.12.18.42.39,0.0769698265505305,0.4243128403754697,0.04660765159645516,Normal
50,2004.02.12.18.52.39,0.07847964256337435,0.5533985473990728,-0.041870852127814204,Normal
51,2004.02.12.19.02.39,0.07853956351488958,0.5791138307510244,-0.023830270412440426,Normal
52,2004.02.12.19.12.39,0.07938090836770041,0.6276825132083981,0.013215485169117754,Normal
53,2004.02.12.19.22.39,0.07691333012919477,0.3985078570542333,-0.047841962943301286,Normal
54,2004.02.12.19.32.39,0.07662792325938943,0.42524278547334626,0.015918091365504337,Normal
55,2004.02.12.19.42.39,0.07833920727505721,0.613387552300388,0.05082672091478196,Normal
56,2004.02.12.19.52.39,0.07738031364276786,0.4843217611881623,-0.010552538081734168,Normal
57,2004.02.12.20.02.39,0.07742347280137335,0.44941512079219237,0.007369960546107664,Normal
58,2004.02.12.20.12.39,0.07599751100981861,0.2985831400319756,-0.006799371971470119,Normal
59,2004.02.12.20.22.39,0.07812885896719358,0.3479309532451049,0.01652104161192016,Normal
60,2004.02.12.20.32.39,0.0786632849704597,0.41299062915361917,-0.0018897816381499523,Normal
61,2004.02.12.20.42.39,0.07712632634090483,0.3950734414213919,0.008946704887335467,Normal
62,2004.02.12.20.52.39,0.07930147000233508,0.47239362493033044,-0.011074794184598856,Normal
63,2004.02.12.21.02.39,0.0769426198413264,0.3944622448109758,-0.0011731127230121612,Normal
64,2004.02.12.21.12.39,0.0771994016001541,0.37800827777844237,0.033382874199999316,Normal
65,2004.02.12.21.22.39,0.07699636792620886,0.43648657223523335,0.04034053299808251,Normal
66,2004.02.12.21.32.39,0.0774460721521555,0.4911372191123604,0.042398720223168776,Normal
67,2004.02.12.21.42.39,0.07664165646604577,0.34600497216470494,0.049906451631291544,Normal
68,2004.02.12.21.52.39,0.07695564843578329,0.4469901117158317,-0.012696409772231583,Normal
69,2004.02.12.22.02.39,0.0773247059887718,0.4880416166718633,0.04372833456528373,Normal
70,2004.02.12.22.12.39,0.07577292447823547,0.5881648615563315,0.031751568058823273,Normal
71,2004.02.12.22.22.39,0.07668913124793174,0.3623983965568214,0.032043297481202375,Normal
72,2004.02.12.22.32.39,0.07740031675131004,0.5401611783934817,0.003730982269551857,Normal
73,2004.02.12.22.42.39,0.07795509180220767,0.3260740035745182,-0.030949995995736067,Normal
74,2004.02.12.22.52.39,0.07882041185009597,0.3948251135159331,-0.0051681301375093355,Normal
75,2004.02.12.23.02.39,0.07756062271096398,0.34016117779744404,0.010694172240866773,Normal
76,2004.02.12.23.12.39,0.07689052656973988,0.44613462626943345,-0.052644835621481596,Normal
77,2004.02.12.23.22.39,0.07824627430976747,0.4445772787585356,-0.009280108908770554,Normal
78,2004.02.12.23.32.39,0.07672532972039368,0.6543006059840124,0.024579423944552783,Normal
79,2004.02.12.23.42.39,0.07738254866499697,0.3863550827223339,-0.02260819240915229,Normal
80,2004.02.12.23.52.39,0.07699061808712475,0.44905515943385366,0.031174289420170507,Normal
81,2004.02.13.00.02.39,0.07482262488921716,0.30274620550562537,0.013691470350722127,Normal
82,2004.02.13.00.12.39,0.07733855853789073,0.58162761268939,-0.02619621263278169,Normal
83,2004.02.13.00.22.39,0.07679397533945942,0.3194399375811279,0.006857906365208835,Normal
84,2004.02.13.00.32.39,0.077721765308917,0.43935923864966187,0.007062047350268264,Normal
85,2004.02.13.00.42.39,0.0773589786144157,0.5730646490077822,0.0526889549680283,Normal
86,2004.02.13.00.52.39,0.07689176995692956,0.26313045713724614,-0.01355067737781813,Normal
87,2004.02.13.01.02.39,0.07492218065631082,0.44095646881747097,-0.00497322787096181,Normal
88,2004.02.13.01.12.39,0.07763068115281484,0.6069125322892983,0.05105431945917985,Normal
89,2004.02.13.01.22.39,0.07778453061583003,0.42031091089811445,-0.01411826536671661,Normal
90,2004.02.13.01.32.39,0.07858931119423541,0.3801399430969199,-0.04865005906612907,Normal
91,2004.02.13.01.42.39,0.07599053317889341,0.3464396355508277,-0.019641247862199823,Normal
92,2004.02.13.01.52.39,0.07671097179256287,0.358155992917113,-0.00570154133831129,Normal
93,2004.02.13.02.02.39,0.07504429291050387,0.35354929352836173,-0.02361848578514314,Normal
94,2004.02.13.02.12.39,0.07824627774193958,0.5428820813815229,0.02389127430634648,Normal
95,2004.02.13.02.22.39,0.07745035456261644,0.5008486498061995,0.021631831526954567,Normal
96,2004.02.13.02.32.39,0.07831602988602893,0.5366345309682168,-0.0037356983017462478,Normal
97,2004.02.13.02.42.39,0.07656014919860397,0.3892193620919868,0.01059267022142343,Normal
98,2004.02.13.02.52.39,0.0776802038005823,0.45086148262336545,0.012000841891185068,Normal
99,2004.02.13.03.02.39,0.07571563009461785,0.39253390254036225,-0.012775323005232129,Normal
100,2004.02.13.03.12.39,0.07794620572117751,0.5248632368505843,0.03296497595720993,Normal
101,2004.02.13.03.22.39,0.07659392690463046,0.4165630099460307,-0.06115951499883136,Normal
102,2004.02.13.03.32.39,0.07639991985536536,0.4453741256774362,-0.04788269964002148,Normal
103,2004.02.13.03.42.39,0.07663180186215528,0.4007797505176063,-0.018045275410609674,Normal
104,2004.02.13.03.52.39,0.07728281753869194,0.5316575196159739,0.041805559904288914,Normal
105,2004.02.13.04.02.39,0.0776406155665118,0.4422063380916792,-0.002657138132887252,Normal
106,2004.02.13.04.12.39,0.0768205504579097,0.43609996973448073,-0.0015293163511521765,Normal
107,2004.02.13.04.22.39,0.07606189688801565,0.4773209140232182,0.016751148389582894,Normal
108,2004.02.13.04.32.39,0.07604057915175538,0.4479454656885884,0.035843413948331175,Normal
109,2004.02.13.04.42.39,0.07735977517064747,0.41835620351561786,0.03500325002144156,Normal
110,2004.02.13.04.52.39,0.07650372776099296,0.47653814406220185,-0.005769643314559997,Normal
111,2004.02.13.05.02.39,0.07627544849405181,0.387836383529768,-0.02038468357291256,Normal
112,2004.02.13.05.12.39,0.07797731008871667,0.4254419235589375,-0.009992832870421912,Normal
113,2004.02.13.05.22.39,0.0760653325402126,0.450632419481404,-0.021145094206746342,Normal
114,2004.02.13.05.32.39,0.07680503453601284,0.4783552562370219,0.03110930720074883,Normal
115,2004.02.13.05.42.39,0.07551238321978224,0.39842733314306056,-0.027523553818598803,Normal
116,2004.02.13.05.52.39,0.07894839654107137,0.5276336298870357,0.058831375132477645,Normal
117,2004.02.13.06.02.39,0.07721538210988145,0.48623241964420183,0.0059385764986372176,Normal
118,2004.02.13.06.12.39,0.07775822278664488,0.5105274416299461,-0.02518303589598402,Normal
119,2004.02.13.06.22.39,0.07727334295376381,0.6148985783371206,-0.02576823183550407,Normal
120,2004.02.13.06.32.39,0.07669008183816046,0.4040831221348422,0.020313258117192038,Normal
121,2004.02.13.06.42.39,0.07812782526141454,0.5378888733945129,-0.03198501257192973,Normal
122,2004.02.13.06.52.39,0.07781836762515486,0.40024557667388017,-0.015359631777634424,Normal
123,2004.02.13.07.02.39,0.07918462868462461,0.45079434863515155,-0.020519835462744097,Normal
124,2004.02.13.07.12.39,0.07639264641168841,0.3466352920025497,0.010150521142345796,Normal
125,2004.02.13.07.22.39,0.07713871940374692,0.44450532856110847,-0.0300330118978725,Normal
126,2004.02.13.07.32.39,0.07619743481420897,0.33801379859629943,-0.014486936382795015,Normal
127,2004.02.13.07.42.39,0.07634856558440947,0.47145812634496664,0.02541112143439293,Normal
128,2004.02.13.07.52.39,0.076352099612482,0.3800510420069867,-0.00911817288507245,Normal
129,2004.02.13.08.02.39,0.07497011253451272,0.3385783303104972,-0.0058858934138351264,Normal
130,2004.02.13.08.12.39,0.07599478131496513,0.24450732740910164,-0.028211285443517607,Normal
131,2004.02.13.08.22.39,0.07637512818370995,0.6446447698043443,0.03505867031403005,Normal
132,2004.02.13.08.32.39,0.0761586642390206,0.34681160295797664,-0.03312087227838002,Normal
133,2004.02.13.08.42.39,0.07675040716504376,0.4102122577509011,-0.000749308395723379,Normal
134,2004.02.13.08.52.39,0.07775600390052285,0.5009742049448347,-0.040489837293660735,Normal
135,2004.02.13.09.02.39,0.07829207447616425,0.5043214057082972,-0.010466708749160945,Normal
136,2004.02.13.09.12.39,0.0777104419815558,0.36575096348616176,0.03004331626247216,Normal
137,2004.02.13.09.22.39,0.0764751437227932,0.414344141995989,-0.013216609424075277,Normal
138,2004.02.13.09.32.39,0.07780436422076126,0.6014461458186253,0.01222731054152469,Normal
139,2004.02.13.09.42.39,0.07521345503538164,0.30698502024014074,0.005750047966008048,Normal
140,2004.02.13.09.52.39,0.0767870829209941,0.41097110395467995,0.014519336533486669,Normal
141,2004.02.13.10.02.39,0.0774211301679611,0.505432538984969,0.011219183120541206,Normal
142,2004.02.13.10.12.39,0.07658231248752874,0.6014717502352931,-0.04625679727988908,Normal
143,2004.02.13.10.22.39,0.07677764732593889,0.2859746134143255,-0.019917278409343143,Normal
144,2004.02.13.10.32.39,0.07591135480982078,0.37370992394610836,-0.04568723135225671,Normal
145,2004.02.13.10.42.39,0.07588479877779788,0.5015377766649429,0.04177503327014094,Normal
146,2004.02.13.10.52.39,0.0760569816198684,0.31566591755670315,0.011329480313241531,Normal
147,2004.02.13.11.02.39,0.07562556107746408,0.41613074153885377,0.04122256100746641,Normal
148,2004.02.13.11.12.39,0.07621096753266964,0.44214869250180344,0.0020508795778689656,Normal
149,2004.02.13.11.22.39,0.07680135350624119,0.38489171953619294,-0.01024159854582072,Normal
150,2004.02.13.11.32.39,0.07515800641138891,0.4884129775588759,0.04631289873667939,Normal
151,2004.02.13.11.42.39,0.07893970887150997,0.530290575512856,0.016785012753118174,Normal
152,2004.02.13.11.52.39,0.07692398274331452,0.47765998914584573,0.035600505657637144,Normal
153,2004.02.13.12.02.39,0.07649164163641918,0.4558731292846363,-0.007074092433679146,Normal
154,2004.02.13.12.12.39,0.07650745183017714,0.2582723095291377,-0.028724664366175462,Normal
155,2004.02.13.12.22.39,0.07739848852135696,0.37563304390008767,-0.01472381303624934,Normal
156,2004.02.13.12.32.39,0.0784800631530072,0.6057349862672048,-0.02623395190698897,Normal
157,2004.02.13.12.42.39,0.07904600278724172,0.5919121753524377,-0.0141927048789222,Normal
158,2004.02.13.12.52.39,0.076684854401187,0.3698641949707917,-0.002826481500195206,Normal
159,2004.02.13.13.02.39,0.07731124506358211,0.37357319475457196,-0.05068587528340846,Normal
160,2004.02.13.13.12.39,0.07651273988842887,0.34310003047300874,-0.01763617639823157,Normal
161,2004.02.13.13.22.39,0.07853164575357902,0.42456212283226824,0.021152394322048528,Normal
162,2004.02.13.13.32.39,0.07695335881944174,0.5118109145356007,0.03787975052396436,Normal
163,2004.02.13.13.42.39,0.0773624014758421,0.528245856584737,-0.02761967238439828,Normal
164,2004.02.13.13.52.39,0.07617467014102358,0.32545433705002935,-0.0323410589672767,Normal
165,2004.02.13.14.02.39,0.07762221305131911,0.4408628476384644,-0.055859393045842275,Normal
166,2004.02.13.14.12.39,0.0772534147328817,0.4886392346942525,-0.04889822218189309,Normal
167,2004.02.13.14.22.39,0.07768636614216809,0.5379390953077108,-0.05270004491977996,Normal
168,2004.02.13.14.32.39,0.07781753999741961,0.4370585910735878,0.0077250140534917,Normal
169,2004.02.13.14.42.39,0.07728229123843638,0.2541945515228283,0.019673441485685984,Normal
170,2004.02.13.14.52.39,0.0763878511845552,0.3353471347991004,-0.0031704705787563136,Normal
171,2004.02.13.15.02.39,0.07818466596582414,0.38044274489673047,0.0002416790573314904,Normal
172,2004.02.13.15.12.39,0.07616144415760429,0.3194051922040413,-0.036797344466560855,Normal
173,2004.02.13.15.22.39,0.07534258573084265,0.29167710632176735,0.005130002664973777,Normal
174,2004.02.13.15.32.39,0.07689426810105468,0.40955980925092783,-0.007305914761699964,Normal
175,2004.02.13.15.42.39,0.07548419678875672,0.3288086624212525,-0.0009185564863228536,Normal
176,2004.02.13.15.52.39,0.0782630183983989,0.43988049954761266,0.021390090648986972,Normal
177,2004.02.13.16.02.39,0.07547406975298288,0.34317254858303947,0.010588197268036904,Normal
178,2004.02.13.16.12.39,0.07556067544581722,0.4429353349113323,0.004951610930904509,Normal
179,2004.02.13.16.22.39,0.07667824796470966,0.4250634087395855,0.03221554215244005,Normal
180,2004.02.13.16.32.39,0.07675079237935838,0.7083040858036118,0.02506499217712396,Normal
181,2004.02.13.16.42.39,0.07611983831535804,0.34371284005047764,-0.017619679638583893,Normal
182,2004.02.13.16.52.39,0.07516506282789814,0.26731500595413404,0.016945652480951253,Normal
183,2004.02.13.17.02.39,0.07809152470318882,0.3541207352122204,0.00788222703638921,Normal
184,2004.02.13.17.12.39,0.07635685583884233,0.4990925057617095,0.00838526534281565,Normal
185,2004.02.13.17.22.39,0.07786806061076165,0.349412751660938,-0.00726879687814854,Normal
186,2004.02.13.17.32.39,0.07661025105301672,0.4160923963921235,-0.005783317921043904,Normal
187,2004.02.13.17.42.39,0.07899964213229861,0.6273356080180288,0.0020776462340994987,Normal
188,2004.02.13.17.52.39,0.07538985427067177,0.5084444464835771,0.02934055695804639,Normal
189,2004.02.13.18.02.39,0.07723122433134638,0.4005096065091718,0.001504402071981427,Normal
190,2004.02.13.18.12.39,0.07531071120800978,0.2905308522713739,-0.019873256649079945,Normal
191,2004.02.13.18.22.39,0.07813312239027137,0.5664490782766274,0.046206706261909834,Normal
192,2004.02.13.18.32.39,0.07744816468381045,0.2876786871169621,0.0020209516267208822,Normal
193,2004.02.13.18.42.39,0.07761624000742773,0.5162164874021524,-0.010304847983907822,Normal
194,2004.02.13.18.52.39,0.0777373661484818,0.3658649197381023,0.026530861432519353,Normal
195,2004.02.13.19.02.39,0.07657840332279559,0.5125468703141571,-0.019851269286148533,Normal
196,2004.02.13.19.12.39,0.07618282421306082,0.381054399079956,0.001985614560844308,Normal
197,2004.02.13.19.22.39,0.07527411495867953,0.4514792731300825,-0.00922798812746794,Normal
198,2004.02.13.19.32.39,0.07653573894552466,0.35252962681830136,-0.11389563223107593,Normal
199,2004.02.13.19.42.39,0.07660493658109607,0.3462653410221592,-0.0033497670248490373,Normal
200,2004.02.13.19.52.39,0.07864126887278634,0.3624940923308948,0.004950696919003293,Normal
201,2004.02.13.20.02.39,0.07702684539892164,0.5425193663094023,-0.019713770351828,Normal
202,2004.02.13.20.12.39,0.07654619086497708,0.5200155088401144,-0.019903944163037667,Normal
203,2004.02.13.20.22.39,0.07741179487861087,0.43190081038293116,0.0506572152330478,Normal
204,2004.02.13.20.32.39,0.07589032163569179,0.5098311593414597,-0.010439030765608785,Normal
205,2004.02.13.20.42.39,0.07564360372930583,0.42220488142617585,-0.0455640312698098,Normal
206,2004.02.13.20.52.39,0.07589364120524608,0.3855004562475095,0.007241652539189064,Normal
207,2004.02.13.21.02.39,0.07722140418091265,0.35013309394085246,-0.017889749662760898,Normal
208,2004.02.13.21.12.39,0.07669429791080462,0.3974503405974863,-0.011486986147813074,Normal
209,2004.02.13.21.22.39,0.07669445070884366,0.4542567805615856,0.019394003539227038,Normal
210,2004.02.13.21.32.39,0.0764435019107249,0.4621422075469619,-0.002604927523746169,Normal
211,2004.02.13.21.42.39,0.07806299602024157,0.3311462198582431,-0.007461671043633221,Normal
212,2004.02.13.21.52.39,0.07733820308392225,0.42701086599625615,-0.012023860933513906,Normal
213,2004.02.13.22.02.39,0.07694966711774165,0.320109256981544,0.022963086515134054,Normal
214,2004.02.13.22.12.39,0.07891612654772709,0.5186211330341539,0.020848390760588757,Normal
215,2004.02.13.22.22.39,0.07747811939105775,0.4064589681713531,0.017843254212914873,Normal
216,2004.02.13.22.32.39,0.07688436331443231,0.4088430650331287,0.00214522628730286,Normal
217,2004.02.13.22.42.39,0.07743250463104949,0.21209746554701248,-0.02601352698438021,Normal
218,2004.02.13.22.52.39,0.07765237980798624,0.4663598030208287,-0.031461210931340404,Normal
219,2004.02.13.23.02.39,0.0784514380046663,0.3903152250695121,-0.012433715907308976,Normal
220,2004.02.13.23.12.39,0.07746541157338786,0.39815988514681777,-0.00027567020009534594,Normal
221,2004.02.13.23.22.39,0.07702369416543603,0.3219624132001542,-0.00033013657832887163,Normal
222,2004.02.13.23.32.39,0.07602763394350028,0.3787525414114188,-0.013967775473019093,Normal
223,2004.02.13.23.42.39,0.07740210771869765,0.3420917702434818,-0.004966223100446778,Normal
224,2004.02.13.23.52.39,0.07756348867470199,0.4734358466541311,0.013195322849001004,Normal
225,2004.02.14.00.02.39,0.0770032787070825,0.447202651604071,-0.013107538257795601,Normal
226,2004.02.14.00.12.39,0.07633698995347046,0.4471539298962406,0.015299675732331139,Normal
227,2004.02.14.00.22.39,0.07642125683403637,0.5469289750901192,0.014747629489465723,Normal
228,2004.02.14.00.32.39,0.07821621550028804,0.40368368534336563,-0.007929516634509222,Normal
229,2004.02.14.00.42.39,0.0776202063611459,0.3791111272392764,0.02530935298304422,Normal
230,2004.02.14.00.52.39,0.07717074242436783,0.3713008615841109,0.026650007404279006,Normal
231,2004.02.14.01.02.39,0.07785537630209377,0.5050743337064105,0.016957315233763728,Normal
232,2004.02.14.01.12.39,0.07614514595135481,0.3286110755448455,0.009797629611827658,Normal
233,2004.02.14.01.22.39,0.07811579383257748,0.42558587856816343,0.013796722577398045,Normal
234,2004.02.14.01.32.39,0.07646615334526692,0.35054667928770566,0.002853774547271935,Normal
235,2004.02.14.01.42.39,0.077847334070442,0.30035065706366915,0.013826116677970833,Normal
236,2004.02.14.01.52.39,0.07809616123978583,0.2668683879683278,-0.043063585681593075,Normal
237,2004.02.14.02.02.39,0.07853328688166249,0.3653585893301865,-0.01848502155500414,Normal
238,2004.02.14.02.12.39,0.07740059716440338,0.5063321280777151,-0.002135518204121673,Normal
239,2004.02.14.02.22.39,0.0770826017349854,0.44447058511821647,-0.014553599588714976,Normal
240,2004.02.14.02.32.39,0.07785435307655411,0.39565238708172235,0.004598495188358314,Normal
241,2004.02.14.02.42.39,0.07619507050676737,0.371201721911139,-0.010028938759595853,Normal
242,2004.02.14.02.52.39,0.07689889872423401,0.30749474025222057,-0.03422241407165612,Normal
243,2004.02.14.03.02.39,0.07566271754418999,0.48816477088484156,0.017446655042237306,Normal
244,2004.02.14.03.12.39,0.07709097519834116,0.47452227231467026,0.011662416730180779,Normal
245,2004.02.14.03.22.39,0.07812214182271728,0.46552930585791374,0.04079065620665987,Normal
246,2004.02.14.03.32.39,0.07616692644182087,0.5528697268991065,-0.0182213176489012,Normal
247,2004.02.14.03.42.39,0.07731350987113282,0.4825257504421647,0.0018541488833849179,Normal
248,2004.02.14.03.52.39,0.07587677323658983,0.2798720451744803,-0.013675445464357082,Normal
249,2004.02.14.04.02.39,0.0762042431228201,0.3237082059057306,0.0039008739432069696,Normal
250,2004.02.14.04.12.39,0.07576237683798354,0.3518243628605009,-0.015463087013837019,Normal
251,2004.02.14.04.22.39,0.07609244608739096,0.40188111728737264,-0.009484184428140552,Normal
252,2004.02.14.04.32.39,0.0786182224572888,0.4397530049606644,-0.011792016241481278,Normal
253,2004.02.14.04.42.39,0.0765472363611597,0.30756512844638406,0.006006435189638747,Normal
254,2004.02.14.04.52.39,0.07655005415423052,0.42756084971696895,0.016289366068361223,Normal
255,2004.02.14.05.02.39,0.07695157390568759,0.47217074075070053,-0.008608442494671532,Normal
256,2004.02.14.05.12.39,0.07666247331291318,0.4292422492209682,0.043096600129636,Normal
257,2004.02.14.05.22.39,0.07718117604407745,0.3573263428988387,-0.013051133842295134,Normal
258,2004.02.14.05.32.39,0.0754853262075236,0.38032259689892367,0.012460128095724108,Normal
259,2004.02.14.05.42.39,0.07848934759282226,0.4162216058917836,0.015718867567383735,Normal
260,2004.02.14.05.52.39,0.07744872989093332,0.4381933427723923,0.01531435239691362,Normal
261,2004.02.14.06.02.39,0.0774396340631083,0.4181568338101229,0.002453485723501752,Normal
262,2004.02.14.06.12.39,0.07724679940022192,0.3107750326515637,-0.002774610928886724,Normal
263,2004.02.14.06.22.39,0.07564605885770338,0.30545519863093284,-0.007118658398940654,Normal
264,2004.02.14.06.32.39,0.07614973556462623,0.4668559319086989,0.02499848784159926,Normal
265,2004.02.14.06.42.39,0.07858716579030653,0.3615217429430806,0.022073842785162816,Normal
266,2004.02.14.06.52.39,0.07790162973915003,0.3905431033629876,-0.007769181062772976,Normal
267,2004.02.14.07.02.39,0.0777059461206155,0.417840869010627,-0.00243988421630916,Normal
268,2004.02.14.07.12.39,0.07785898335492507,0.2996620795127183,0.037770690019256384,Normal
269,2004.02.14.07.22.39,0.07571334102894697,0.3175699833688572,0.03257407559368675,Normal
270,2004.02.14.07.32.39,0.07639177457459834,0.48682290406817463,-0.009018879388756671,Normal
271,2004.02.14.07.42.39,0.0773621114568527,0.40520456329289845,-0.03941316211408001,Normal
272,2004.02.14.07.52.39,0.07842339670271,0.493499202297464,-0.023451278164833195,Normal
273,2004.02.14.08.02.39,0.07628107301034363,0.42510223709032724,0.02287493329908281,Normal
274,2004.02.14.08.12.39,0.0782240275511823,0.4252786985695489,-0.015014301055600645,Normal
275,2004.02.14.08.22.39,0.07825938535718496,0.5410550470181565,0.005061880309519203,Normal
276,2004.02.14.08.32.39,0.07883279811470445,0.4923650099388044,0.041053543909913746,Normal
277,2004.02.14.08.42.39,0.07697529154093864,0.501785914417268,-0.02516474763827894,Normal
278,2004.02.14.08.52.39,0.07868750124106433,0.49549582131231773,0.04582439095832844,Normal
279,2004.02.14.09.02.39,0.07629050409864258,0.39152787018717783,0.044422442062754086,Normal
280,2004.02.14.09.12.39,0.07758280543534599,0.35162553099311156,0.02524597953447347,Normal
281,2004.02.14.09.22.39,0.07689642263755268,0.2979657430445224,-0.009943743331340791,Normal
282,2004.02.14.09.32.39,0.07679911555734627,0.39614492845074434,0.015213985845703692,Normal
283,2004.02.14.09.42.39,0.07762733365050935,0.43956678433765495,-0.06274782329618075,Normal
284,2004.02.14.09.52.39,0.07806387515051776,0.40586676946250355,0.03858251129618121,Normal
285,2004.02.14.10.02.39,0.0761460433763633,0.3883496712947254,-0.037739928684967367,Normal
286,2004.02.14.10.12.39,0.07774952930173035,0.566700093050676,0.052025314021855514,Normal
287,2004.02.14.10.22.39,0.07605541128636081,0.41783615697612975,0.05918807605549478,Normal
288,2004.02.14.10.32.39,0.07691889784508826,0.3496762549842871,0.04022120060803046,Normal
289,2004.02.14.10.42.39,0.07625929630830264,0.38217869789731385,0.029506456655548866,Normal
290,2004.02.14.10.52.39,0.07750343899879944,0.5782366156865968,0.04665369335363617,Normal
291,2004.02.14.11.02.39,0.07689420523568812,0.5470773142021708,0.012776494449708221,Normal
292,2004.02.14.11.12.39,0.0776544869015146,0.3311799985725137,0.0039103687606207495,Normal
293,2004.02.14.11.22.39,0.07698864186724234,0.4282343784664375,-0.008255556087311546,Normal
294,2004.02.14.11.32.39,0.07813684441464298,0.5572219183026554,0.017624769244197612,Normal
295,2004.02.14.11.42.39,0.07653528310881769,0.44631979377065445,-0.0024098928296286846,Normal
296,2004.02.14.11.52.39,0.07844825685702805,0.4749347955380534,0.00996175993871427,Normal
297,2004.02.14.12.02.39,0.07781413088150346,0.5191691228606832,0.02837482754210017,Normal
298,2004.02.14.12.12.39,0.07730263111527155,0.3969041106344453,0.00040346130014566454,Normal
299,2004.02.14.12.22.39,0.0781221315098393,0.44814243720393154,0.027244951788175684,Normal
300,2004.02.14.12.32.39,0.07923294929450911,0.35898690771115227,0.0017911149536530406,Normal
301,2004.02.14.12.42.39,0.07538111630449963,0.5001967130650411,-0.03803265590001688,Normal
302,2004.02.14.12.52.39,0.07695273730866807,0.3559125944069117,0.01065491506883244,Normal
303,2004.02.14.13.02.39,0.07620697076106703,0.5239826539737651,-0.016744396743816784,Normal
304,2004.02.14.13.12.39,0.07855317354645037,0.36186418762455075,-0.00661337254808914,Normal
305,2004.02.14.13.22.39,0.07703774503551003,0.39812301791803595,-0.013292743712402078,Normal
306,2004.02.14.13.32.39,0.07783553311209315,0.43199784236532235,-0.021218987564437602,Normal
307,2004.02.14.13.42.39,0.07702249886903989,0.4120063063697388,0.022712327749459752,Normal
308,2004.02.14.13.52.39,0.07605641216906862,0.42089091311293725,-0.004630215313991656,Normal
309,2004.02.14.14.02.39,0.07764319967053215,0.4177640583898037,0.029726571727968044,Normal
310,2004.02.14.14.12.39,0.07824552016429599,0.462614995853301,-0.03463171135934789,Normal
311,2004.02.14.14.22.39,0.07848323274601796,0.3663784441404645,-0.035275988279585904,Normal
312,2004.02.14.14.32.39,0.07779132524390574,0.29535701365171985,0.001633344081321186,Normal
313,2004.02.14.14.42.39,0.07653336531121165,0.35526277295406405,-0.0059417829259852855,Normal
314,2004.02.14.14.52.39,0.07771954820910969,0.4379526468945034,-0.054202700195404484,Normal
315,2004.02.14.15.02.39,0.07693467481866109,0.4162375296755685,0.025370708024740472,Normal
316,2004.02.14.15.12.39,0.07840756556538804,0.44322064491886604,-0.05459562201458002,Normal
317,2004.02.14.15.22.39,0.0763741992465183,0.3836154471369735,-0.01075140638942533,Normal
318,2004.02.14.15.32.39,0.07685433411249491,0.3601853709222538,-0.04024629297438456,Normal
319,2004.02.14.15.42.39,0.07689268883127397,0.47939329223455873,-0.011281579773307963,Normal
320,2004.02.14.15.52.39,0.07817967180785793,0.4221871397231123,0.014268408983468239,Normal
321,2004.02.14.16.02.39,0.07825966082036613,0.47184744365062325,-0.016259259081809523,Normal
322,2004.02.14.16.12.39,0.07600318789572251,0.30438619570478,-0.024944061975606894,Normal
323,2004.02.14.16.22.39,0.0775694166814272,0.272213678600965,0.015394699434514207,Normal
324,2004.02.14.16.32.39,0.07732922906617361,0.2258166101647494,-0.02362288311900288,Normal
325,2004.02.14.16.42.39,0.07651370160437361,0.4724327312404091,0.004941477534774766,Normal
326,2004.02.14.16.52.39,0.07876241407609184,0.6552318596666904,-0.00041176816038153717,Normal
327,2004.02.14.17.02.39,0.07563445673052643,0.2940289000270888,-0.014845114149992634,Normal
328,2004.02.14.17.12.39,0.07764984159926294,0.3089038176237886,0.052089528309713126,Normal
329,2004.02.14.17.22.39,0.07831222347566902,0.4207031177532925,0.05771399812147968,Normal
330,2004.02.14.17.32.39,0.077487861007487,0.4261150547702037,-0.01518032024507904,Normal
331,2004.02.14.17.42.39,0.0766385636190668,0.41426243038844524,0.044389857442305426,Normal
332,2004.02.14.17.52.39,0.07512177873709461,0.4322386192221237,0.0053971070769729314,Normal
333,2004.02.14.18.02.39,0.0750074140215694,0.264094651949371,0.005284190432349757,Normal
334,2004.02.14.18.12.39,0.07638231571703541,0.332808431759835,0.0034653848290839948,Normal
335,2004.02.14.18.22.39,0.07788027921511965,0.3784283215736437,-0.052990636716203465,Normal
336,2004.02.14.18.32.39,0.07527439096762507,0.43813676578415883,0.014947210797409044,Normal
337,2004.02.14.18.42.39,0.07918299858950152,0.41325990616012565,0.011272075494800112,Normal
338,2004.02.14.18.52.39,0.07800711324486297,0.34814837459687187,0.021013061212255775,Normal
339,2004.02.14.19.02.39,0.07825582203031686,0.3212339905021637,0.0019217993073334608,Normal
340,2004.02.14.19.12.39,0.07756201211067341,0.5701837051718384,0.0388834536970139,Normal
341,2004.02.14.19.22.39,0.0768954961879067,0.36326545631774865,0.05536950284268488,Normal
342,2004.02.14.19.32.39,0.07675198204637372,0.3774049694681145,0.014011684004366842,Normal
343,2004.02.14.19.42.39,0.07706073123730481,0.33766053420515485,0.03782793004877168,Normal
344,2004.02.14.19.52.39,0.07648439894024141,0.40368314859793664,0.009556589048265108,Normal
345,2004.02.14.20.02.39,0.07804829515724943,0.49550169457822246,0.039552440455765454,Normal
346,2004.02.14.20.12.39,0.07650581224090511,0.32143393913664564,0.003097700371138607,Normal
347,2004.02.14.20.22.39,0.07870505320746962,0.5518785151478065,-0.04094556048867035,Normal
348,2004.02.14.20.32.39,0.07722064160724369,0.42249302572013914,-0.019125658602111035,Normal
349,2004.02.14.20.42.39,0.07668115900587559,0.30615492979033476,0.030253716776114506,Normal
350,2004.02.14.20.52.39,0.07560518496862914,0.389790037405521,0.0035128804980339014,Normal
351,2004.02.14.21.02.39,0.07643147398057785,0.27409504741691926,-0.012521961375462319,Normal
352,2004.02.14.21.12.39,0.07738588467210525,0.46867986441406906,0.02010200789954984,Normal
353,2004.02.14.21.22.39,0.07673222832214148,0.4150533719613865,-0.017336723568894156,Normal
354,2004.02.14.21.32.39,0.07787403565815439,0.5209914178339541,-0.023116085785980855,Normal
355,2004.02.14.21.42.39,0.07610197914948566,0.46806435398399415,-0.011006075117471512,Normal
356,2004.02.14.21.52.39,0.07844877284532563,0.39247062477379524,-0.018447182450738904,Normal
357,2004.02.14.22.02.39,0.07838618964181446,0.4702673332381755,0.011830659019398513,Normal
358,2004.02.14.22.12.39,0.07640125207324402,0.4155701252808761,0.041866116457415656,Normal
359,2004.02.14.22.22.39,0.07758806582835001,0.41610777262515786,-0.013632761150585586,Normal
360,2004.02.14.22.32.39,0.07630787730419367,0.259737428643497,0.027416412410051064,Normal
361,2004.02.14.22.42.39,0.07535862403731158,0.46059922045061397,0.03164755789379751,Normal
362,2004.02.14.22.52.39,0.0768473247948489,0.2964954180069941,-0.011202151120523635,Normal
363,2004.02.14.23.02.39,0.07787287473273749,0.4005970384193849,0.0220041848818913,Normal
364,2004.02.14.23.12.39,0.07755523957507239,0.41182245684681895,0.031330426901108856,Normal
365,2004.02.14.23.22.39,0.07666440030051432,0.4049766158613508,0.03418190120828427,Normal
366,2004.02.14.23.32.39,0.07756505271282776,0.59416197100937,-0.021400401532155847,Normal
367,2004.02.14.23.42.39,0.07749496549927856,0.3910969739121195,-0.0393762203455962,Normal
368,2004.02.14.23.52.39,0.07696251021449096,0.4719871514500311,0.04347241862057142,Normal
369,2004.02.15.00.02.39,0.0782745225402637,0.3734058194569596,0.02183247728819558,Normal
370,2004.02.15.00.12.39,0.07576478107129493,0.393678130983552,-0.011643142354171266,Normal
371,2004.02.15.00.22.39,0.0749523728985614,0.3035741644560339,0.02316076004099789,Normal
372,2004.02.15.00.32.39,0.07601210519857182,0.5926312705867858,-0.03757943902430414,Normal
373,2004.02.15.00.42.39,0.07784616647443614,0.4691571133496648,0.013646935481141232,Normal
374,2004.02.15.00.52.39,0.07777190268764324,0.31991028155765777,0.002222794763459712,Normal
375,2004.02.15.01.02.39,0.0760942646286499,0.42323338040355285,0.043605322365242484,Normal
376,2004.02.15.01.12.39,0.07791981712241516,0.36960954395167844,0.013746491794007653,Normal
377,2004.02.15.01.22.39,0.07685402406917285,0.3818657000263892,0.033342585751388834,Normal
378,2004.02.15.01.32.39,0.07674329768933816,0.3646884901407135,-0.0038610033668955977,Normal
379,2004.02.15.01.42.39,0.07582986649298382,0.33242199799785155,0.044223570570014324,Normal
380,2004.02.15.01.52.39,0.0784444861181699,0.56474034220826,0.011571633412402691,Normal
381,2004.02.15.02.02.39,0.07731954482353573,0.25864743757069686,-0.08451365370298389,Normal
382,2004.02.15.02.12.39,0.07740247581129915,0.3167613458612375,0.003050668265414388,Normal
383,2004.02.15.02.22.39,0.07701573119540255,0.3112997957537118,0.007963625337304037,Normal
384,2004.02.15.02.32.39,0.07521198946560981,0.3649192576756848,0.00938821880008867,Normal
385,2004.02.15.02.42.39,0.07688848490722212,0.40478293715094704,-0.0199986890378833,Normal
386,2004.02.15.02.52.39,0.07637173140254105,0.44490280527972814,0.04533753750649015,Normal
387,2004.02.15.03.02.39,0.07586469664650103,0.3650362834636387,-0.004654698555934322,Normal
388,2004.02.15.03.12.39,0.075098837218445,0.36803551699047077,-0.009819002282423687,Normal
389,2004.02.15.03.22.39,0.07799511327841316,0.42318121122703367,0.010981915915985392,Normal
390,2004.02.15.03.32.39,0.07796534561705924,0.267938429937038,0.01803113153939537,Normal
391,2004.02.15.03.42.39,0.07798807594904733,0.4842177956348408,0.016961254322180583,Normal
392,2004.02.15.03.52.39,0.07783362414069513,0.33710919095959824,0.02623981893326039,Normal
393,2004.02.15.04.02.39,0.0789731544947989,0.3611321322444012,0.0067839719973264295,Normal
394,2004.02.15.04.12.39,0.07863142766105437,0.4299032321679883,0.0152261980149484,Normal
395,2004.02.15.04.22.39,0.0772709316302062,0.43830608328698695,0.025830176954956062,Normal
396,2004.02.15.04.32.39,0.076864965363881,0.30778397737436824,0.03887260428234736,Normal
397,2004.02.15.04.42.39,0.07859432684927473,0.5275230618433251,0.0031698031267807024,Normal
398,2004.02.15.04.52.39,0.07406587578013323,0.1608655511931616,0.017356403779158914,Normal
399,2004.02.15.05.02.39,0.07718297304538742,0.336034830856613,0.020256186508447155,Normal
400,2004.02.15.05.12.39,0.0776099066319621,0.5830624514456066,0.06050705045923584,Normal
401,2004.02.15.05.22.39,0.07535483865674701,0.3873433248055256,0.015523939946711389,Normal
402,2004.02.15.05.32.39,0.07658680736589037,0.32951908124459095,0.023729563784133507,Normal
403,2004.02.15.05.42.39,0.0740066815633266,0.346576183254911,-0.006562763250616897,Normal
404,2004.02.15.05.52.39,0.07723644861165371,0.412106396846204,0.01668706464130192,Normal
405,2004.02.15.06.02.39,0.07638222845805659,0.22272780378887358,-0.021014847073160495,Normal
406,2004.02.15.06.12.39,0.07657197230945129,0.3681107468870848,-0.009497014737697894,Normal
407,2004.02.15.06.22.39,0.07622631580171722,0.31402076871710305,-0.0012239519829088425,Normal
408,2004.02.15.06.32.39,0.07611128423493212,0.23864300736866317,-0.01863225716373474,Normal
409,2004.02.15.06.42.39,0.07623503727422926,0.48025107600364203,0.01224566994344893,Normal
410,2004.02.15.06.52.39,0.07708552506033882,0.4056871758192355,-0.030025278292353286,Normal
411,2004.02.15.07.02.39,0.07748513088207633,0.6670576458997246,-0.01587874967779885,Normal
412,2004.02.15.07.12.39,0.07610651811513502,0.3022605356791517,-0.008379722710305789,Normal
413,2004.02.15.07.22.39,0.07635003555786664,0.4431342835395671,0.01463937589324612,Normal
414,2004.02.15.07.32.39,0.07706156097359759,0.36952452332865526,0.049577760574691786,Normal
415,2004.02.15.07.42.39,0.07699595762268546,0.3919277969191701,-0.01662964637322681,Normal
416,2004.02.15.07.52.39,0.07728027098298197,0.48063870982954926,0.01574541604981994,Normal
417,2004.02.15.08.02.39,0.07780435763121658,0.3735755677580297,-0.00016758399499251116,Normal
418,2004.02.15.08.12.39,0.0768502967803923,0.4013357758732137,0.020131339703278444,Normal
419,2004.02.15.08.22.39,0.07659630599315398,0.34257832867343607,-0.015492367710161674,Normal
420,2004.02.15.08.32.39,0.07640399408735123,0.4208639557564058,-0.007668606406138175,Normal
421,2004.02.15.08.42.39,0.07807795239624708,0.35235280839096905,-0.015090090776029826,Normal
422,2004.02.15.08.52.39,0.07713057459340865,0.4000626852348472,-0.0389795530893923,Normal
423,2004.02.15.09.02.39,0.07667752265474381,0.37034304960210074,-0.026171989152571507,Normal
424,2004.02.15.09.12.39,0.07616845537195828,0.3379413350421925,-0.001123023365993417,Normal
425,2004.02.15.09.22.39,0.07769009071504872,0.4444621380077156,0.08524832561355442,Normal
426,2004.02.15.09.32.39,0.07704597666024651,0.4245121177058362,-0.0023399100931393137,Normal
427,2004.02.15.09.42.39,0.07618983570301963,0.20491353479846586,0.013172296279778178,Normal
428,2004.02.15.09.52.39,0.07626676749553996,0.47739307455073465,-0.002989254606689195,Normal
429,2004.02.15.10.02.39,0.07687972991038503,0.3443925457307482,0.04650077431538896,Normal
430,2004.02.15.10.12.39,0.07759393186144616,0.3416938055017189,0.010853550773706928,Normal
431,2004.02.15.10.22.39,0.07751806461591308,0.41849458983080856,0.008647476355361219,Normal
432,2004.02.15.10.32.39,0.07726790157161802,0.3435785290994704,0.02415248310550825,Normal
433,2004.02.15.10.42.39,0.07629958876752711,0.29133089670985957,-0.0015354823704096892,Normal
434,2004.02.15.10.52.39,0.07781444368807358,0.3765801214698361,-0.017567373672921785,Normal
435,2004.02.15.11.02.39,0.07798443416898176,0.2728455757651256,-0.0023962720866781287,Normal
436,2004.02.15.11.12.39,0.0771727857938762,0.4433362853016818,0.03406532079982955,Normal
437,2004.02.15.11.22.39,0.07657231665382976,0.4935185749376494,-0.0039231208423093685,Normal
438,2004.02.15.11.32.39,0.07822583586312373,0.4387350438105728,0.030709406296931224,Normal
439,2004.02.15.11.42.39,0.07821529157356316,0.2898784257899969,0.047437603053552116,Normal
440,2004.02.15.11.52.39,0.07738252216313529,0.5335850965343232,0.02085257944180796,Normal
441,2004.02.15.12.02.39,0.07726419646050492,0.3621181761247989,-0.0009911069393442886,Normal
442,2004.02.15.12.12.39,0.07699383884898274,0.3984708522721938,-0.0069289152704166395,Normal
443,2004.02.15.12.22.39,0.07690982601651512,0.40445901986884536,0.007672421040704175,Normal
444,2004.02.15.12.32.39,0.07732355197126632,0.4491927431890046,0.0074860658465970824,Normal
445,2004.02.15.12.42.39,0.07831285446098951,0.39381196438108645,-0.02590979393427695,Normal
446,2004.02.15.12.52.39,0.0783206512617362,0.31384600148732567,0.008012374839791272,Normal
447,2004.02.15.13.02.39,0.07863466597728622,0.6568070391325245,-0.006822325844008605,Normal
448,2004.02.15.13.12.39,0.075895809993763,0.33265136066566825,-0.0033407729033218965,Normal
449,2004.02.15.13.22.39,0.07599208397044968,0.36302236851475733,0.01813517338495,Normal
450,2004.02.15.13.32.39,0.07671332879267542,0.39330191453147245,0.0024107010572614637,Normal
451,2004.02.15.13.42.39,0.07887653617511595,0.3171912838501538,0.0055486159710913495,Normal
452,2004.02.15.13.52.39,0.07698641253392544,0.39602829531441364,-0.048938440253877016,Normal
453,2004.02.15.14.02.39,0.07870018792911568,0.3987174692024569,0.008037458569118588,Normal
454,2004.02.15.14.12.39,0.07909664714666323,0.5847783239420163,-0.0016194037574722429,Normal
455,2004.02.15.14.22.39,0.07852285259022529,0.39721974753291445,0.013510202448730146,Normal
456,2004.02.15.14.32.39,0.07765788699230347,0.48903230800688613,0.00403326951107997,Normal
457,2004.02.15.14.42.39,0.07734418592048871,0.4460425802924233,-0.04058257840704113,Normal
458,2004.02.15.14.52.39,0.07948663378941062,0.4256197320515729,0.025232882728315073,Normal
459,2004.02.15.15.02.39,0.07879434639260294,0.439388905842216,-0.0081793874922193,Normal
460,2004.02.15.15.12.39,0.07817851729475464,0.3073003909672307,-0.015834015903187077,Normal
461,2004.02.15.15.22.39,0.07934480601896698,0.3604415941491075,-0.002086452236838826,Normal
462,2004.02.15.15.32.39,0.0779101486313922,0.3972290693037701,0.0012117436137166991,Normal
463,2004.02.15.15.42.39,0.07741225186158357,0.44607896359149146,0.02531527376854343,Normal
464,2004.02.15.15.52.39,0.07717606759971805,0.280075909188402,0.007793126152468438,Normal
465,2004.02.15.16.02.39,0.07613608261640387,0.41735303968953685,-0.0009021435715211593,Normal
466,2004.02.15.16.12.39,0.0773241989178113,0.30207416938145837,0.018617829239865505,Normal
467,2004.02.15.16.22.39,0.07663857285733715,0.37399640255617905,0.009818049805300716,Normal
468,2004.02.15.16.32.39,0.07806556426631879,0.33869269784374456,0.061299565132494335,Normal
469,2004.02.15.16.42.39,0.07578872289185327,0.4080605046318513,0.02046519636313942,Normal
470,2004.02.15.16.52.39,0.07693434701094173,0.46816235514344706,0.0007117606449284682,Normal
471,2004.02.15.17.02.39,0.07732904689791945,0.4112921301260366,0.004327480864429495,Normal
472,2004.02.15.17.12.39,0.07843469958895345,0.3733421371332839,-0.016631503443417916,Normal
473,2004.02.15.17.22.39,0.07572220509038284,0.2559677197295893,0.005856994030451214,Normal
474,2004.02.15.17.32.39,0.0784842490169206,0.3059077768184104,-0.008388647250505307,Normal
475,2004.02.15.17.42.39,0.07769689014549584,0.32212716724723434,-0.02189689233932832,Normal
476,2004.02.15.17.52.39,0.07684735275206298,0.3543989446650708,0.004052347383994404,Normal
477,2004.02.15.18.02.39,0.07749397185477155,0.30961601911305836,0.05052699531143143,Normal
478,2004.02.15.18.12.39,0.0768944284392569,0.34906668202127555,0.020238106759345845,Normal
479,2004.02.15.18.22.39,0.07756135172397398,0.4112223149714027,0.06400382741626191,Normal
480,2004.02.15.18.32.39,0.0757864766238839,0.4064597916663981,0.028846636435000003,Normal
481,2004.02.15.18.42.39,0.07666461430110699,0.3700231720140432,-0.039471444663507424,Normal
482,2004.02.15.18.52.39,0.07681094129826167,0.532578800373201,0.01859195197107819,Normal
483,2004.02.15.19.02.39,0.07548862542369794,0.4047138169573614,-0.025227826458098495,Normal
484,2004.02.15.19.12.39,0.07672604153231645,0.3695643133022122,0.01987360176974356,Normal
485,2004.02.15.19.22.39,0.07659261588817652,0.43309883912666836,-0.008804501955417187,Normal
486,2004.02.15.19.32.39,0.0761245009733233,0.26809421544900447,-0.008421212329501531,Normal
487,2004.02.15.19.42.39,0.0758757143191252,0.3259681516945001,0.0036747950322403976,Normal
488,2004.02.15.19.52.39,0.07866708215291275,0.49377479186990936,0.0054440430764863944,Normal
489,2004.02.15.20.02.39,0.07488942304220102,0.29257708015378325,0.00954030370643049,Normal
490,2004.02.15.20.12.39,0.07551084326884368,0.48153185523704733,-0.0024494770840002293,Normal
491,2004.02.15.20.22.39,0.07746565172555915,0.4419314838847854,0.029546590655753574,Normal
492,2004.02.15.20.32.39,0.07787997670444165,0.521811344975156,0.018004148626003247,Normal
493,2004.02.15.20.42.39,0.07812252964844313,0.4536244074601785,0.04170705446001611,Normal
494,2004.02.15.20.52.39,0.07611407711044653,0.4236777373486098,0.0430331988739695,Normal
495,2004.02.15.21.02.39,0.077470789606067,0.29830253571617904,-0.0022874305278621984,Normal
496,2004.02.15.21.12.39,0.07693442285428465,0.3992394228624758,0.04931177367938913,Normal
497,2004.02.15.21.22.39,0.07845103780085545,0.42221413329817814,0.03372010551248036,Normal
498,2004.02.15.21.32.39,0.07712598352036994,0.47643644736944246,0.031190357230299136,Normal
499,2004.02.15.21.42.39,0.07664916109445931,0.36493871305970593,-0.009899719407707695,Normal
500,2004.02.15.21.52.39,0.07609715052720026,0.4046983336170258,0.05531396656026518,Normal
501,2004.02.15.22.02.39,0.07746998977930906,0.4164259373181851,-0.02025226488434788,Normal
502,2004.02.15.22.12.39,0.07800517279271853,0.5485896012354474,0.007311364391002886,Normal
503,2004.02.15.22.22.39,0.07763653012948786,0.37794366180997097,-0.04333381849214864,Normal
504,2004.02.15.22.32.39,0.0791884014846082,0.3224069468935795,-0.0016817936246373297,Normal
505,2004.02.15.22.42.39,0.07754853035710525,0.2677201212044107,-0.01943422818000384,Normal
506,2004.02.15.22.52.39,0.07856042875899338,0.3885134945276123,0.01665746316154906,Normal
507,2004.02.15.23.02.39,0.0789819683115037,0.4070034550620174,-0.05530929399221073,Normal
508,2004.02.15.23.12.39,0.0790762796786274,0.3474743632273807,-0.05523747146277419,Normal
509,2004.02.15.23.22.39,0.07822047728316575,0.545918411380272,0.027530549424184824,Normal
510,2004.02.15.23.32.39,0.0778155094799552,0.43269991308322275,-0.016503285146634922,Normal
511,2004.02.15.23.42.39,0.077529087283419,0.3029990008129091,-0.002108302244827455,Normal
512,2004.02.15.23.52.39,0.08153544630347129,0.5666889213621578,0.009621055882152032,Normal
513,2004.02.16.00.02.39,0.07680178169726923,0.3561730038030797,-0.0038746256224301335,Normal
514,2004.02.16.00.12.39,0.07831487270697295,0.38899196237205436,0.015403101465941087,Normal
515,2004.02.16.00.22.39,0.07714297013854778,0.35279620493135777,0.011436284171182228,Normal
516,2004.02.16.00.32.39,0.07835456303769503,0.44221756979937377,0.020784239769755124,Normal
517,2004.02.16.00.42.39,0.07742108696622162,0.28391523619049597,-0.030332739751400765,Normal
518,2004.02.16.00.52.39,0.0755716893063095,0.3718072446196725,0.026865235037342713,Normal
519,2004.02.16.01.02.39,0.07788295128949917,0.33128732679968653,0.017214517082513255,Normal
520,2004.02.16.01.12.39,0.0790382315149803,0.4731143985341131,-0.056854705094082476,Normal
521,2004.02.16.01.22.39,0.07650243562299176,0.4433637639149004,0.02637918504571029,Normal
522,2004.02.16.01.32.39,0.07822062241816012,0.32019748710613216,0.016040020944363662,Normal
523,2004.02.16.01.42.39,0.0796214999353386,0.37007201037201254,0.01471983361289396,Normal
524,2004.02.16.01.52.39,0.07955654282244407,0.3755785190178629,0.002920261777534491,Normal
525,2004.02.16.02.02.39,0.080108293097824,0.5260048179163537,0.02152908415873024,Normal
526,2004.02.16.02.12.39,0.07790080048880675,0.3387606415850897,0.00792259653450328,Normal
527,2004.02.16.02.22.39,0.07848352017750684,0.2777135623768947,0.008623625909561573,Normal
528,2004.02.16.02.32.39,0.07816136965938641,0.37018849360160333,0.03218013434806743,Normal
529,2004.02.16.02.42.39,0.0778284258300751,0.458982255928821,0.008831341248523878,Normal
530,2004.02.16.02.52.39,0.07946396957701962,0.33043739316895504,0.04435393427507771,Normal
531,2004.02.16.03.02.39,0.07711978716429153,0.39377059294869765,0.004784974714342346,Normal
532,2004.02.16.03.12.39,0.08226511158434281,0.5003740741636844,-0.007223062782532966,Normal
533,2004.02.16.03.22.39,0.08432588993239636,0.4508448020711775,-0.029106629190465676,Normal
534,2004.02.16.03.32.39,0.0842800498732685,0.37837651204512657,-0.009241176562636063,Normal
535,2004.02.16.03.42.39,0.08309850817281184,0.2911308678170452,-0.026798606640015665,Normal
536,2004.02.16.03.52.39,0.0826680884126207,0.20897921343268377,-0.018092357454208546,Normal
537,2004.02.16.04.02.39,0.08427124871137842,0.39805576986482194,0.013995405888354526,Normal
538,2004.02.16.04.12.39,0.08598723191692109,0.47031290657213587,0.014674508507171757,Normal
539,2004.02.16.04.22.39,0.08444288039158852,0.4865130026451254,0.012273896728958502,Normal
540,2004.02.16.04.32.39,0.08268255902187746,0.26595855893303977,-0.03174959405436106,Normal
541,2004.02.16.04.42.39,0.0836379520986137,0.3818054415969727,-0.005056333966050067,Normal
542,2004.02.16.04.52.39,0.0838157123265829,0.38767370740609763,-0.011899977446575786,Normal
543,2004.02.16.05.02.39,0.08551655227434408,0.3946015078150089,0.014266712876400548,Normal
544,2004.02.16.05.12.39,0.08430120065361243,0.3658697395741912,-0.008100766957841022,Normal
545,2004.02.16.05.22.39,0.08697885681706287,0.4364173780138687,0.03295377871455478,Normal
546,2004.02.16.05.32.39,0.0847858305411162,0.4287637975372536,0.011074611469630076,Normal
547,2004.02.16.05.42.39,0.085168471600044,0.32894899911736086,-0.01634805981008458,Normal
548,2004.02.16.05.52.39,0.08699169910336632,0.4340085155916307,-0.02781576133484295,Normal
549,2004.02.16.06.02.39,0.08695528664204379,0.31669418796819127,-0.037450901400111654,Normal
550,2004.02.16.06.12.39,0.08790080163305894,0.430147194240349,-0.022819722791090877,Normal
551,2004.02.16.06.22.39,0.08565032244174565,0.4363586459691815,-0.030115242554844653,Normal
552,2004.02.16.06.32.39,0.08544638075644281,0.4780069177953763,-0.0056728677582763495,Normal
553,2004.02.16.06.42.39,0.08661301154867697,0.4862233238389191,0.021692794278675216,Normal
554,2004.02.16.06.52.39,0.08760435629686174,0.4443845022745201,0.02745019501262627,Normal
555,2004.02.16.07.02.39,0.08819957754159384,0.4654821554251858,-0.003868878832467972,Normal
556,2004.02.16.07.12.39,0.08605389220297506,0.4927349634179672,-0.019651156954613183,Normal
557,2004.02.16.07.22.39,0.08917826412847893,0.4000941939036653,0.027676746032502655,Normal
558,2004.02.16.07.32.39,0.08561711642539709,0.40487944030252443,0.006372640925290417,Normal
559,2004.02.16.07.42.39,0.08827365730623576,0.3659394532713698,-0.04226739190974397,Normal
560,2004.02.16.07.52.39,0.08883351291927008,0.3770945051934542,0.010986231035584673,Normal
561,2004.02.16.08.02.39,0.08730537730432188,0.37620336380365016,0.0031887419764519524,Normal
562,2004.02.16.08.12.39,0.08747885570417858,0.4396049452472912,-0.02233087013884833,Normal
563,2004.02.16.08.22.39,0.08891707562606085,0.4402469914533116,-0.01218920332674179,Normal
564,2004.02.16.08.32.39,0.08606533531776527,0.32130361436320864,-0.015844278477415263,Normal
565,2004.02.16.08.42.39,0.08849752380010414,0.5412085936380691,-0.019660452883292403,Normal
566,2004.02.16.08.52.39,0.08784936420382122,0.5760381353265771,0.007928480646487424,Normal
567,2004.02.16.09.02.39,0.08692632195841919,0.4667661948985651,-0.0026248680861131863,Normal
568,2004.02.16.09.12.39,0.08674333435306428,0.44798583289768334,-0.03923706279865413,Normal
569,2004.02.16.09.22.39,0.08853620513180258,0.44239483736892193,-0.006525636494893895,Normal
570,2004.02.16.09.32.39,0.08814084160583206,0.42207357939809453,-0.00637339900791863,Normal
571,2004.02.16.09.42.39,0.0899870048126742,0.418621701128957,0.034172050404120795,Normal
572,2004.02.16.09.52.39,0.08840501059576601,0.5602555996498153,0.03453279582939991,Normal
573,2004.02.16.10.02.39,0.08764679009783032,0.4137279539953309,0.021974405241028724,Normal
574,2004.02.16.10.12.39,0.08951969957125708,0.49796496157412706,0.01297273554004362,Normal
575,2004.02.16.10.22.39,0.08913656021626312,0.44915542368613437,-0.004073790691489718,Normal
576,2004.02.16.10.32.39,0.08819533236169941,0.5134914074370189,0.024026916796746137,Normal
577,2004.02.16.10.42.39,0.08845663938213598,0.48489349535248216,-0.07557730884923268,Normal
578,2004.02.16.10.52.39,0.090150743170207,0.6217770021628457,0.004514336506654278,Normal
579,2004.02.16.11.02.39,0.09071041798845723,0.4888141347703794,-0.022285238655476637,Normal
580,2004.02.16.11.12.39,0.08991441460146977,0.4496169147110769,-0.03897465668218249,Normal
581,2004.02.16.11.22.39,0.09103706078046937,0.36341261581366435,-0.009687210938571493,Normal
582,2004.02.16.11.32.39,0.09011333846624067,0.5452279361146344,0.019480439396568395,Normal
583,2004.02.16.11.42.39,0.09209473537180682,0.6274695337680583,-0.009970193289901567,Normal
584,2004.02.16.11.52.39,0.0892083709483904,0.587115769874706,0.00247680641909757,Normal
585,2004.02.16.12.02.39,0.08972886132503578,0.51467069938347,0.017609433947676136,Normal
586,2004.02.16.12.12.39,0.09109389338539316,0.45951746098325197,-0.028710427863563717,Normal
587,2004.02.16.12.22.39,0.0918239707351109,0.5832556522576771,-0.03048354319263104,Normal
588,2004.02.16.12.32.39,0.08981583914286778,0.5313526949232945,-0.004265579670543827,Normal
589,2004.02.16.12.42.39,0.09123699259817464,0.4307299921087786,-0.0505288941318044,Normal
590,2004.02.16.12.52.39,0.090868854030479,0.543120842220695,-0.030888378232713527,Normal
591,2004.02.16.13.02.39,0.08962443312887326,0.5000568354441408,-0.03241857365368439,Normal
592,2004.02.16.13.12.39,0.08982404539353243,0.44308004759376196,0.008680003884526426,Normal
593,2004.02.16.13.22.39,0.09140617654911579,0.5828125625920308,0.005042525841349812,Normal
594,2004.02.16.13.32.39,0.09195853451590287,0.4359665616194084,-0.055027476575790685,Normal
595,2004.02.16.13.42.39,0.09039873667146503,0.47912682547507224,-0.008994214156270677,Normal
596,2004.02.16.13.52.39,0.09161855206251215,0.47732192161953524,-0.03595667677055766,Normal
597,2004.02.16.14.02.39,0.09144305642507458,0.5755229887249769,0.018024298933638716,Normal
598,2004.02.16.14.12.39,0.09038385103182842,0.385410349683454,0.011194814783252951,Normal
599,2004.02.16.14.22.39,0.09101168178153354,0.5069703567366908,0.015227645482240263,Normal
600,2004.02.16.14.32.39,0.09111499109127158,0.5420037471466377,0.01990016495650028,Wear
601,2004.02.16.14.42.39,0.09316506452553379,0.5609820953544635,-0.002375529843010001,Wear
602,2004.02.16.14.52.39,0.09196030611296717,0.39486897540859767,-0.0060814349831588375,Wear
603,2004.02.16.15.02.39,0.09220456198041396,0.7432975552995371,0.042682115673109276,Wear
604,2004.02.16.15.12.39,0.09182987332434706,0.5517784022496657,-0.08015390921864018,Wear
605,2004.02.16.15.22.39,0.09341100455237795,0.46252264920486175,-0.0029152523179089875,Wear
606,2004.02.16.15.32.39,0.09314935818183344,0.6215580358289516,0.020015575893097215,Wear
607,2004.02.16.15.42.39,0.09361258209954337,0.5944372850986572,-0.06288268724045408,Wear
608,2004.02.16.15.52.39,0.09453647609520888,0.4948223120819719,-0.03499771217809009,Wear
609,2004.02.16.16.02.39,0.09488179632277996,0.45458474965973483,-0.05345132863514018,Wear
610,2004.02.16.16.12.39,0.09591115706125188,0.5121334435393043,0.011267629088632913,Wear
611,2004.02.16.16.22.39,0.09453624651051508,0.45030249249972787,-0.021704374893095214,Wear
612,2004.02.16.16.32.39,0.09484404113423192,0.5362435114092148,-0.03152018402464271,Wear
613,2004.02.16.16.42.39,0.09559869276613436,0.4700351608607565,-0.029625122049336962,Wear
614,2004.02.16.16.52.39,0.0962706846686077,0.48214773837679425,-0.016392114499991454,Wear
615,2004.02.16.17.02.39,0.09629343885845754,0.4809149930704564,0.00040881731305404987,Wear
616,2004.02.16.17.12.39,0.09498840749582946,0.7511586473517373,0.02138280067933913,Wear
617,2004.02.16.17.22.39,0.09552074356479788,0.6564783060272297,-0.038974765964673,Wear
618,2004.02.16.17.32.39,0.09492288322509818,0.5195036890723932,-0.04191146010988256,Wear
619,2004.02.16.17.42.39,0.09428204497096067,0.47955622735407344,0.024794250109829986,Wear
620,2004.02.16.17.52.39,0.09331646084820391,0.6900665599350058,-0.04144753497726455,Wear
621,2004.02.16.18.02.39,0.09846557957645975,0.6142024183200445,0.007110728644009216,Wear
622,2004.02.16.18.12.39,0.09505307008620237,0.5214360964550426,-0.030028712415334273,Wear
623,2004.02.16.18.22.39,0.09558984315937742,0.5461967132436896,-0.04973483089447392,Wear
624,2004.02.16.18.32.39,0.09694473044843,0.7066014705423598,0.03707694695852091,Wear
625,2004.02.16.18.42.39,0.0965114094210498,0.5868126529442286,0.005347423829440987,Wear
626,2004.02.16.18.52.39,0.09612524026709245,0.5574171385605213,-0.02897750517399276,Wear
627,2004.02.16.19.02.39,0.09615338622035434,0.5643935427422329,0.00610786179682812,Wear
628,2004.02.16.19.12.39,0.09568015540681293,0.5436207732186147,-0.020913074033234186,Wear
629,2004.02.16.19.22.39,0.09588543375429867,0.5675984206307501,-0.027514076223508314,Wear
630,2004.02.16.19.32.39,0.09359121892445693,0.5771797568819839,0.045614765105353415,Wear
631,2004.02.16.19.42.39,0.0978013926401038,0.6771886124561832,-0.02843193631710454,Wear
632,2004.02.16.19.52.39,0.09710681060572232,0.6499851458312187,0.05948135770925023,Wear
633,2004.02.16.20.02.39,0.09409151883148463,0.5973913543767053,0.00601573266892025,Wear
634,2004.02.16.20.12.39,0.09633701373222937,0.5472246871079167,0.0276087482568102,Wear
635,2004.02.16.20.22.39,0.09589212714726963,0.6811948931940965,-0.007184546000463887,Wear
636,2004.02.16.20.32.39,0.09741922811159702,0.5790203454839511,-0.04887423782855838,Wear
637,2004.02.16.20.42.39,0.0976594566973515,0.6133940913684968,-0.02686820871756509,Wear
638,2004.02.16.20.52.39,0.09483689122646313,0.6512805700988582,0.0332188784218825,Wear
639,2004.02.16.21.02.39,0.09751085676733642,0.5207344685544979,-0.022260994597276342,Wear
640,2004.02.16.21.12.39,0.09844802225508394,0.5386898269168503,-0.015103373647776542,Wear
641,2004.02.16.21.22.39,0.09941949426467503,0.6725187096744207,-0.02123072572011468,Wear
642,2004.02.16.21.32.39,0.09837946999850884,0.5520838440108813,0.0330496423725162,Wear
643,2004.02.16.21.42.39,0.09805131488951334,0.6552368688722146,-0.03163399196956978,Wear
644,2004.02.16.21.52.39,0.09792751075811766,0.6111333437801081,4.218274879528586e-06,Wear
645,2004.02.16.22.02.39,0.09727314629554436,0.5724844892623211,-0.036247240812406614,Wear
646,2004.02.16.22.12.39,0.09838645353035777,0.5403197851984634,-0.027033723995058132,Wear
647,2004.02.16.22.22.39,0.10379379699636138,1.0579778032148015,0.02224209670061174,Wear
648,2004.02.16.22.32.39,0.10638649114453806,0.8593839482326833,-0.058150663672739876,Wear
649,2004.02.16.22.42.39,0.10502789459271344,0.8594033690020813,-0.036005389568740095,Wear
650,2004.02.16.22.52.39,0.10535479352896693,0.8345135768103153,-0.04559297185090279,Wear
651,2004.02.16.23.02.39,0.1062761847330165,0.8989962838910843,-0.04214172701670748,Wear
652,2004.02.16.23.12.39,0.10429216187852698,0.7805928630818695,-0.0405011399857617,Wear
653,2004.02.16.23.22.39,0.1058579707010176,0.932443746332901,-0.021959523457071087,Wear
654,2004.02.16.23.32.39,0.10620989914212917,0.7618131670541999,-0.018680843374084922,Wear
655,2004.02.16.23.42.39,0.10301590204535778,1.035295589771101,-0.005549846191328379,Wear
656,2004.02.16.23.52.39,0.10596938126470778,0.7446224362206095,-0.05052026083159421,Wear
657,2004.02.17.00.02.39,0.10595938103673266,0.8544294796051406,-0.02282361658493963,Wear
658,2004.02.17.00.12.39,0.10464030419355035,0.9503298348422975,-0.06483677415511667,Wear
659,2004.02.17.00.22.39,0.10564207193765772,0.8951812464408859,-0.022863855306557938,Wear
660,2004.02.17.00.32.39,0.10435954367219488,0.7816348788004697,-0.037082335313783285,Wear
661,2004.02.17.00.42.39,0.10662787171909487,0.7678642560795552,-0.03740551442805824,Wear
662,2004.02.17.00.52.39,0.10662177420384168,0.765469776591543,-0.014485438513994796,Wear
663,2004.02.17.01.02.39,0.10470268546579882,0.7869819151709754,-0.038785664155529954,Wear
664,2004.02.17.01.12.39,0.10421010318327466,0.8916386740504207,0.03003721306603901,Wear
665,2004.02.17.01.22.39,0.10612328036187736,0.8149963220300802,-0.05855082417662549,Wear
666,2004.02.17.01.32.39,0.10685637013248496,0.9259511693175684,-0.02436546304425811,Wear
667,2004.02.17.01.42.39,0.10484058257137954,0.7773012336510239,-0.04778357028931343,Wear
668,2004.02.17.01.52.39,0.10359935976515493,0.8176352010912522,0.0076991910768523485,Wear
669,2004.02.17.02.02.39,0.1061608500070471,0.6430516614183497,-0.046073558652955156,Wear
670,2004.02.17.02.12.39,0.10631852845194717,0.7746946322817005,-0.06889835567028421,Wear
671,2004.02.17.02.22.39,0.10491263548297877,0.7594868721250303,-0.05970775277350097,Wear
672,2004.02.17.02.32.39,0.1029637437136551,0.7345061687411087,-0.002428813659855202,Wear
673,2004.02.17.02.42.39,0.10200354165305059,0.9054039207769429,-0.01790827273292484,Wear
674,2004.02.17.02.52.39,0.10489127136513195,0.7653851180387234,-0.032580534143837284,Wear
675,2004.02.17.03.02.39,0.10283863459626931,0.8056773825533741,-0.02134167948916816,Wear
676,2004.02.17.03.12.39,0.104138791478608,0.767350526474162,-0.0453236704588022,Wear
677,2004.02.17.03.22.39,0.10527105383433104,0.8042036898939058,-0.02149548155331198,Wear
678,2004.02.17.03.32.39,0.10531576914436294,0.8374606137177665,-0.005411978713467028,Wear
679,2004.02.17.03.42.39,0.10321447893638458,0.7876753191941406,0.004344139839311848,Wear
680,2004.02.17.03.52.39,0.10400314819265989,0.7657113842738918,-0.029368027861976297,Wear
681,2004.02.17.04.02.39,0.10480054064895132,0.8513716239181859,-0.04638696069503723,Wear
682,2004.02.17.04.12.39,0.10488916094613579,0.8011197732616546,-0.005933738228531229,Wear
683,2004.02.17.04.22.39,0.10448049403028538,0.8875430047913371,-0.011294745799652235,Wear
684,2004.02.17.04.32.39,0.10532482726442635,0.8239941692202497,-0.053580327548383336,Wear
685,2004.02.17.04.42.39,0.10710761691664371,0.9259360914985333,-0.03482180885041305,Wear
686,2004.02.17.04.52.39,0.10712431104832426,1.0499797079690092,0.0012977414078426674,Wear
687,2004.02.17.05.02.39,0.10520757314597474,0.8787991225503635,-0.0303828961021568,Wear
688,2004.02.17.05.12.39,0.1051648280769437,0.8321046946773341,-0.03051343558569358,Wear
689,2004.02.17.05.22.39,0.10574962299541249,0.8605328986184082,-0.03352447307743038,Wear
690,2004.02.17.05.32.39,0.10543929148781836,0.9539876786626973,-0.08485689422111355,Wear
691,2004.02.17.05.42.39,0.10669288280028043,0.9485028239098772,-0.02196034307258449,Wear
692,2004.02.17.05.52.39,0.10714596999756337,0.932492736168892,-0.023710010554168236,Wear
693,2004.02.17.06.02.39,0.10824558011870218,1.0423942932084937,-0.059173989208342936,Wear
694,2004.02.17.06.12.39,0.1066530244622867,1.1178083967298198,-0.02320078481346431,Wear
695,2004.02.17.06.22.39,0.10575230009134258,0.9838773110024168,-0.0176094192684152,Wear
696,2004.02.17.06.32.39,0.10728003431076423,1.068532133388807,-0.053502390095079705,Wear
697,2004.02.17.06.42.39,0.1092699857470305,1.1376804821538258,-0.053414763432014706,Wear
698,2004.02.17.06.52.39,0.10650088073652841,0.9490147794299428,-0.0430458749481006,Wear
699,2004.02.17.07.02.39,0.10979059235618448,1.0141714282015117,-0.02149128811196038,Wear
700,2004.02.17.07.12.39,0.11276782356350593,1.0775865528894446,0.010692169773799949,Wear
701,2004.02.17.07.22.39,0.12028870746886945,1.345963647530156,-0.008205888018520827,Wear
702,2004.02.17.07.32.39,0.16689628653443545,2.3890722982950106,-0.1349700516951401,Wear
703,2004.02.17.07.42.39,0.1717619405135619,2.3850877136573763,-0.09728691498686165,Wear
704,2004.02.17.07.52.39,0.1737544359258383,2.6268074089323488,-0.04025486919192273,Wear
705,2004.02.17.08.02.39,0.17177918437224501,2.6189030455499056,-0.1417596614112363,Wear
706,2004.02.17.08.12.39,0.16911726137713776,2.507133901376002,-0.1168414779399861,Wear
707,2004.02.17.08.22.39,0.17369180469319248,2.5064066518245713,-0.015041003205504614,Wear
708,2004.02.17.08.32.39,0.16859953520542212,2.4672653367974213,-0.12751043045232785,Wear
709,2004.02.17.08.42.39,0.16686560557006835,2.686524509219736,-0.07891080344932823,Wear
710,2004.02.17.08.52.39,0.17252337180324112,2.2215812294847064,-0.09168321062484432,Wear
711,2004.02.17.09.02.39,0.16982476952361808,2.547557372864662,-0.018109164324489644,Wear
712,2004.02.17.09.12.39,0.1688369467847881,2.248777066522476,-0.03884108424155056,Wear
713,2004.02.17.09.22.39,0.16849347762436717,2.29543109013067,-0.05479712710379407,Wear
714,2004.02.17.09.32.39,0.16950951531182548,2.236064581689714,-0.1002138237481717,Wear
715,2004.02.17.09.42.39,0.16993603015753642,2.384176895930011,-0.10499995365973235,Wear
716,2004.02.17.09.52.39,0.16509543064755947,2.7590090372117437,-0.08651695112745453,Wear
717,2004.02.17.10.02.39,0.16552700491300126,2.5098751429398396,-0.10884377951468961,Wear
718,2004.02.17.10.12.39,0.16503688256696403,2.373606332702642,-0.12873370487884986,Wear
719,2004.02.17.10.22.39,0.16810142507227036,2.3706120727907978,-0.09561982633912822,Wear
720,2004.02.17.10.32.39,0.16409903551523772,2.5158891668515384,-0.11029405038528899,Wear
721,2004.02.17.10.42.39,0.16516423703487537,2.3421508310443384,-0.09967779281608886,Wear
722,2004.02.17.10.52.39,0.16412790006005987,2.578314431277734,-0.09651947641963422,Wear
723,2004.02.17.11.02.39,0.16383674542174786,2.531885326050883,-0.12135667396202172,Wear
724,2004.02.17.11.12.39,0.16321589900343655,2.6241708680097338,-0.12754527339732658,Wear
725,2004.02.17.11.22.39,0.16847889623499585,2.3984384000021723,-0.10011542631288156,Wear
726,2004.02.17.11.32.39,0.16697350674021613,2.3044913572063175,-0.10277178109530763,Wear
727,2004.02.17.11.42.39,0.16563809588555936,2.6610620225085304,-0.06898382663531083,Wear
728,2004.02.17.11.52.39,0.16415866735084764,2.4481806492189087,-0.059910718152897474,Wear
729,2004.02.17.12.02.39,0.16524972475984076,2.348742119130721,-0.07834211700700733,Wear
730,2004.02.17.12.12.39,0.16630584896626643,2.555336429076207,-0.05067124987241958,Wear
731,2004.02.17.12.22.39,0.1575511747218979,2.756871698389002,-0.10127559217528966,Wear
732,2004.02.17.12.32.39,0.16212426031057164,2.539827058969368,-0.07638029661373541,Wear
733,2004.02.17.12.42.39,0.1558261737820283,2.464085946432145,-0.08740517331296606,Wear
734,2004.02.17.12.52.39,0.15678997088686228,2.397824838205458,-0.08235462543050774,Wear
735,2004.02.17.13.02.39,0.1541765147649866,2.380993795300869,-0.05083976910492171,Wear
736,2004.02.17.13.12.39,0.15502766606671775,2.3857241830328233,-0.07974910128105614,Wear
737,2004.02.17.13.22.39,0.15479955490008887,2.326244291018452,-0.0451468627100626,Wear
738,2004.02.17.13.32.39,0.1450686467016887,2.2603903426575673,-0.180925884572745,Wear
739,2004.02.17.13.42.39,0.14251295959436022,2.398569851860411,-0.08434773312960187,Wear
740,2004.02.17.13.52.39,0.14808891668890603,2.158488613774588,-0.054764321966497546,Wear
741,2004.02.17.14.02.39,0.14527101457545222,2.2044594195762057,-0.16539356866168542,Wear
742,2004.02.17.14.12.39,0.1439164398197462,2.0271482740199875,-0.09428018059840623,Wear
743,2004.02.17.14.22.39,0.13972712158296033,2.342641300811165,-0.10366597950892527,Wear
744,2004.02.17.14.32.39,0.13942111694991724,1.9866054341726365,-0.1211387100892232,Wear
745,2004.02.17.14.42.39,0.1397635746076544,2.0716523614208295,-0.1608252571450786,Wear
746,2004.02.17.14.52.39,0.14242094915360065,1.9998288945603404,-0.07639618602335731,Wear
747,2004.02.17.15.02.39,0.13856824279089436,2.2251644103888673,-0.1446606286136689,Wear
748,2004.02.17.15.12.39,0.14059532065276256,2.0884088755661026,-0.13167135183397427,Wear
749,2004.02.17.15.22.39,0.1344781462772739,2.5143137121380645,-0.06836804061909312,Wear
750,2004.02.17.15.32.39,0.14053554724361556,2.029423852596696,-0.0453170028682196,Wear
751,2004.02.17.15.42.39,0.1395541734739036,2.174915562196098,-0.0914008024227015,Wear
752,2004.02.17.15.52.39,0.13509444305715124,2.2229778685297505,-0.0877227269969415,Wear
753,2004.02.17.16.02.39,0.135658014414925,2.1120656548190597,-0.1733873901842237,Wear
754,2004.02.17.16.12.39,0.13497136089451994,2.2537976858385402,-0.1034686882208997,Wear
755,2004.02.17.16.22.39,0.13189689984036773,2.2796867432564882,-0.18245891263737352,Wear
756,2004.02.17.16.32.39,0.12851723194284104,1.9454752438008258,-0.13136845360382987,Wear
757,2004.02.17.16.42.39,0.12589233138504705,1.997542800174501,-0.10751198199200677,Wear
758,2004.02.17.16.52.39,0.12576345778664455,1.909259789834607,-0.12252295098274688,Wear
759,2004.02.17.17.02.39,0.12436039114109293,2.0802240990981096,-0.13352677000435864,Wear
760,2004.02.17.17.12.39,0.12274867278273062,1.8499449241387067,-0.07868867589669111,Wear
761,2004.02.17.17.22.39,0.12051210248644377,1.8363394045741623,-0.07787959904526649,Wear
762,2004.02.17.17.32.39,0.11666324734572582,1.4947850896938135,-0.1193046837291084,Wear
763,2004.02.17.17.42.39,0.11792317642053819,1.7735457066958284,-0.10915909823304085,Wear
764,2004.02.17.17.52.39,0.11285861527156722,1.4246082301984373,-0.07585617893913278,Wear
765,2004.02.17.18.02.39,0.11249116241329249,1.552294876927517,-0.16297966657735716,Wear
766,2004.02.17.18.12.39,0.11132827171042965,1.3309587974609647,-0.10000862201306106,Wear
767,2004.02.17.18.22.39,0.1111174328659493,1.3866856891104478,-0.1641831282160322,Wear
768,2004.02.17.18.32.39,0.11086750498730173,1.6093428330193849,-0.18889016875287884,Wear
769,2004.02.17.18.42.39,0.11017193970711474,1.3689570075773423,-0.13173266903017383,Wear
770,2004.02.17.18.52.39,0.11003507652747033,1.273868225323242,-0.15478624773317098,Wear
771,2004.02.17.19.02.39,0.1070069605194418,1.2220807735566197,-0.15159655183990764,Wear
772,2004.02.17.19.12.39,0.1072848457833893,1.073305002899736,-0.15020876609878686,Wear
773,2004.02.17.19.22.39,0.10781778904599011,1.2331512796328292,-0.1398801368810436,Wear
774,2004.02.17.19.32.39,0.10573701784786337,1.1528874123752004,-0.1133422140112855,Wear
775,2004.02.17.19.42.39,0.10385260668859317,0.9432393234140064,-0.1403092427573264,Wear
776,2004.02.17.19.52.39,0.10678984226112637,1.1755023973384349,-0.12762794921655,Wear
777,2004.02.17.20.02.39,0.1052975265226913,0.8799226510924183,-0.13839677752328658,Wear
778,2004.02.17.20.12.39,0.10424662858007687,1.0331776509628554,-0.09988539913772561,Wear
779,2004.02.17.20.22.39,0.10346354326600385,1.000355245197536,-0.12433339663790156,Wear
780,2004.02.17.20.32.39,0.10303147274012928,0.9084447005643232,-0.08751767018835731,Wear
781,2004.02.17.20.42.39,0.09932441224184264,0.7717927254108252,-0.11870971133454765,Wear
782,2004.02.17.20.52.39,0.10277105523892355,0.9268405707904264,-0.07435789981845702,Wear
783,2004.02.17.21.02.39,0.10151048547864094,0.9667239500366183,-0.11114737885400204,Wear
784,2004.02.17.21.12.39,0.10050111138028213,0.6652145802848772,-0.12077170065060486,Wear
785,2004.02.17.21.22.39,0.09937990578496302,0.7488124696956069,-0.11016758176460514,Wear
786,2004.02.17.21.32.39,0.10260710653042934,0.8222244311026881,-0.06994686720304487,Wear
787,2004.02.17.21.42.39,0.10001234542935812,0.6527158309279764,-0.15633968564534023,Wear
788,2004.02.17.21.52.39,0.10276615596829532,0.6411511578676281,-0.06649134295298005,Wear
789,2004.02.17.22.02.39,0.10079244075465804,0.688527101475187,-0.05380711704147773,Wear
790,2004.02.17.22.12.39,0.10071724420996635,0.8693732490038779,-0.04303829269138597,Wear
791,2004.02.17.22.22.39,0.10212575566772138,0.8122074071808996,-0.06797729414654395,Wear
792,2004.02.17.22.32.39,0.10275559452911188,0.7643725473661331,-0.06600214954770775,Wear
793,2004.02.17.22.42.39,0.10324720860141631,0.8305410434162077,-0.07616936164575636,Wear
794,2004.02.17.22.52.39,0.10473901018200549,0.8673107336548807,-0.04741288745911281,Wear
795,2004.02.17.23.02.39,0.10546040777193058,1.0399953829715907,-0.004060615255579721,Wear
796,2004.02.17.23.12.39,0.10417618977302347,0.9779203766262876,-0.03322860280978863,Wear
797,2004.02.17.23.22.39,0.10512936366909462,0.8677298220452299,-0.00791426356651985,Wear
798,2004.02.17.23.32.39,0.10303119336706057,0.9835885532070137,-0.0106392795603171,Wear
799,2004.02.17.23.42.39,0.10615366979680035,0.9646319369650573,-0.009901110585349303,Wear
800,2004.02.17.23.52.39,0.1057892064492965,0.8522948759061766,-0.028719287434431518,Failure
801,2004.02.18.00.02.39,0.10624512879458581,1.0616526237676327,-0.01629533373485568,Failure
802,2004.02.18.00.12.39,0.10636952169904862,0.943261495800948,0.023695013734024172,Failure
803,2004.02.18.00.22.39,0.10593802474980656,1.0365573859673773,0.04195991636813059,Failure
804,2004.02.18.00.32.39,0.1089140454078783,1.0071678875967942,0.043105896327391896,Failure
805,2004.02.18.00.42.39,0.1074263562701648,0.9072687402430022,0.026896888734260303,Failure
806,2004.02.18.00.52.39,0.10872704274567,1.060751117656622,0.08066783897263262,Failure
807,2004.02.18.01.02.39,0.1102030913263808,1.030564302451337,0.04759964032442939,Failure
808,2004.02.18.01.12.39,0.10984870721388805,0.9164351948112492,-0.018425904284794417,Failure
809,2004.02.18.01.22.39,0.10855998823195347,0.8935671532086928,-0.003635669787789149,Failure
810,2004.02.18.01.32.39,0.10971438572742807,0.8486574602590657,-0.006496539322708065,Failure
811,2004.02.18.01.42.39,0.11021514449553597,0.906351215034003,0.032004300685968136,Failure
812,2004.02.18.01.52.39,0.10842924185053242,1.0126761241968207,0.007319705784382463,Failure
813,2004.02.18.02.02.39,0.10878737571627682,0.832382817194703,-0.03151730825191958,Failure
814,2004.02.18.02.12.39,0.10945516459555768,0.8226663722894187,0.02122378402809013,Failure
815,2004.02.18.02.22.39,0.11022510370295927,0.8273301046767609,0.008109121660961255,Failure
816,2004.02.18.02.32.39,0.11007236278388924,0.9088525634526534,-0.00816056278711879,Failure
817,2004.02.18.02.42.39,0.11049097592889091,0.8800067254017039,0.004961757268095486,Failure
818,2004.02.18.02.52.39,0.11108235613161074,0.9103188476473094,0.006291369222905586,Failure
819,2004.02.18.03.02.39,0.11181097024177122,0.7821177360607572,-0.033065986871466425,Failure
820,2004.02.18.03.12.39,0.11377855346468255,1.0525077600426584,0.07034812342742032,Failure
821,2004.02.18.03.22.39,0.11121312854576793,1.0037087771263522,-0.053252415447461725,Failure
822,2004.02.18.03.32.39,0.11279849657720675,0.9866371510161294,0.0443681816109607,Failure
823,2004.02.18.03.42.39,0.13760685088379956,1.4340807064842034,0.01172348147276447,Failure
824,2004.02.18.03.52.39,0.137160508627495,1.4277365827989579,-0.07528488159277225,Failure
825,2004.02.18.04.02.39,0.13582555879463556,1.5253678310169114,0.00823954006588212,Failure
826,2004.02.18.04.12.39,0.14128292273948928,1.3180243004515324,-0.06117201156246287,Failure
827,2004.02.18.04.22.39,0.1392439846307889,1.6541833883366017,-0.03807444740499683,Failure
828,2004.02.18.04.32.39,0.14149214397499468,1.3526310858658794,-0.004010183036345891,Failure
829,2004.02.18.04.42.39,0.1454615141527455,1.4379920350952462,-0.033342191609270086,Failure
830,2004.02.18.04.52.39,0.14226609709559232,1.4857916003122567,-0.0529089364161842,Failure
831,2004.02.18.05.02.39,0.14848516833288014,1.6212744292805032,-0.09141194306664531,Failure
832,2004.02.18.05.12.39,0.14734120640036724,1.7901524761320955,-0.029541712478998193,Failure
833,2004.02.18.05.22.39,0.1502073183189238,1.604501405928647,-0.026767457691751123,Failure
834,2004.02.18.05.32.39,0.15236047087725052,1.8112709395100897,-0.03303145187063687,Failure
835,2004.02.18.05.42.39,0.15797473112440522,1.7398433612694593,-0.031603363833652705,Failure
836,2004.02.18.05.52.39,0.15642608499978314,2.043003855422814,-0.06023166377335758,Failure
837,2004.02.18.06.02.39,0.15855086181175426,1.7222144144207405,-0.05049292633003828,Failure
838,2004.02.18.06.12.39,0.16185369038067607,1.6780698803653467,-0.060756004673961736,Failure
839,2004.02.18.06.22.39,0.16324842971583986,2.0147890195042253,-0.03924922652070763,Failure
840,2004.02.18.06.32.39,0.16117788570347902,1.797566551405458,-0.0595620674362826,Failure
841,2004.02.18.06.42.39,0.16386026151185765,1.9389616056842733,-0.05274738790808231,Failure
842,2004.02.18.06.52.39,0.16414073566155243,1.7150538029522142,-0.07858510973253756,Failure
843,2004.02.18.07.02.39,0.16522868178726188,1.9828216546950328,-0.07342365663585552,Failure
844,2004.02.18.07.12.39,0.16665703036921176,2.070871004476122,-0.037869769467666896,Failure
845,2004.02.18.07.22.39,0.1676587770662298,2.181972050930778,-0.051197906703095056,Failure
846,2004.02.18.07.32.39,0.16649171030297388,2.246652075464767,-0.018545103252822024,Failure
847,2004.02.18.07.42.39,0.16421813585161088,2.048758309317642,-0.07262711095512056,Failure
848,2004.02.18.07.52.39,0.1702835500051128,1.7639682780390604,-0.08757315432309917,Failure
849,2004.02.18.08.02.39,0.1736250683382695,1.9486580019141284,-0.028579715925904556,Failure
850,2004.02.18.08.12.39,0.17298654888097514,1.8538147939928216,-0.09796476911102772,Failure
851,2004.02.18.08.22.39,0.173294136130417,1.9501769099867907,-0.09409324882696408,Failure
852,2004.02.18.08.32.39,0.1684884876155768,1.923412204252612,-0.09955168912419245,Failure
853,2004.02.18.08.42.39,0.16292540036465883,1.854188484898926,-0.08995591302376342,Failure
854,2004.02.18.08.52.39,0.16105745377960237,1.866960290933977,-0.11141272280160232,Failure
855,2004.02.18.09.02.39,0.16325168287919922,1.88557456362995,-0.14509940033208898,Failure
856,2004.02.18.09.12.39,0.16558045303048682,2.042238958693524,-0.10218524889225877,Failure
857,2004.02.18.09.22.39,0.17137651092286174,1.9705789740506274,-0.08938233767076162,Failure
858,2004.02.18.09.32.39,0.1615881583228061,1.6569415578388549,-0.1704450391297974,Failure
859,2004.02.18.09.42.39,0.1604859989512325,1.9853903021851318,-0.10380837841557744,Failure
860,2004.02.18.09.52.39,0.16264127827950267,1.7371857208364903,-0.1503320649166087,Failure
861,2004.02.18.10.02.39,0.159670972878849,1.9300105775150938,-0.22381391663019726,Failure
862,2004.02.18.10.12.39,0.16523961989311728,1.6979109469031748,-0.1673559495409295,Failure
863,2004.02.18.10.22.39,0.16352310019344363,1.797294405900856,-0.16869093418968828,Failure
864,2004.02.18.10.32.39,0.16181308058026397,1.8622805302434573,-0.15425541434590953,Failure
865,2004.02.18.10.42.39,0.16014388473606908,1.8024402637382266,-0.1194750635856015,Failure
866,2004.02.18.10.52.39,0.15362154742738524,1.9897856647817393,-0.2460716480050523,Failure
867,2004.02.18.11.02.39,0.1511838291462169,1.9097440860459338,-0.2504137519454045,Failure
868,2004.02.18.11.12.39,0.14981626670535897,2.010027807180683,-0.20060921080611888,Failure
869,2004.02.18.11.22.39,0.14933519507564602,1.8515875312725703,-0.22664285420487984,Failure
870,2004.02.18.11.32.39,0.14981858169758183,1.824710659518746,-0.22176533434565224,Failure
871,2004.02.18.11.42.39,0.149862981364958,2.1437787973431313,-0.1816334420582538,Failure
872,2004.02.18.11.52.39,0.16718367533592543,2.348869356891683,-0.25217780349263674,Failure
873,2004.02.18.12.02.39,0.16999917035068693,2.207939092072202,-0.27618670340886425,Failure
874,2004.02.18.12.12.39,0.16036722810961876,2.159949000136546,-0.31137237028976983,Failure
875,2004.02.18.12.22.39,0.1594284300757122,2.3122078844081697,-0.28311816483617036,Failure
876,2004.02.18.12.32.39,0.15939881317194618,1.9357105328770956,-0.22602988829770954,Failure
877,2004.02.18.12.42.39,0.15437217640383338,2.0163595484224395,-0.21668729933862094,Failure
878,2004.02.18.12.52.39,0.150218535631478,1.9590216132875486,-0.2370123538629667,Failure
879,2004.02.18.13.02.39,0.15378793961521742,2.3246693265761538,-0.21851439279646656,Failure
880,2004.02.18.13.12.39,0.15559491551581947,2.1431939239028566,-0.21989770583782897,Failure
881,2004.02.18.13.22.39,0.15190021604581616,2.4133470314032266,-0.27398817943869475,Failure
882,2004.02.18.13.32.39,0.1502383227185436,2.7027362077148753,-0.2640141466856439,Failure
883,2004.02.18.13.42.39,0.1519778949926806,2.34280981199709,-0.25275323189338067,Failure
884,2004.02.18.13.52.39,0.1554629642453569,2.4550896454244606,-0.28264150450619524,Failure
885,2004.02.18.14.02.39,0.15592530873561505,2.2415569799395962,-0.23518452245318444,Failure
886,2004.02.18.14.12.39,0.15534268396963735,2.617530006241532,-0.1282857090451546,Failure
887,2004.02.18.14.22.39,0.15443912888659403,2.784423139432196,-0.1713738248327954,Failure
888,2004.02.18.14.32.39,0.1553537588243663,2.61616408241109,-0.2874570594797429,Failure
889,2004.02.18.14.42.39,0.1636656377093154,2.826460757283755,-0.2556832077288674,Failure
890,2004.02.18.14.52.39,0.1562463933958757,2.986025426473298,-0.27709477937801924,Failure
891,2004.02.18.15.02.39,0.145387459832554,2.500774861310396,-0.2866468302396829,Failure
892,2004.02.18.15.12.39,0.13575110964383036,1.8574887282894075,-0.2550957718975143,Failure
893,2004.02.18.15.22.39,0.1319658662069476,1.7284183537364086,-0.18389400944522818,Failure
894,2004.02.18.15.32.39,0.12557964588633583,1.1700207117382746,-0.18909650772489328,Failure
895,2004.02.18.15.42.39,0.12250529265511603,0.7577765261606118,-0.13343571797490406,Failure
896,2004.02.18.15.52.39,0.12193231444797815,0.8535628017026946,-0.12124259523496805,Failure
897,2004.02.18.16.02.39,0.11888064914120539,0.7442252875255817,-0.06286489926381517,Failure
898,2004.02.18.16.12.39,0.12123167830323373,0.7446591645433762,0.0034635156321588256,Failure
899,2004.02.18.16.22.39,0.12019822474738083,0.6216526602009442,0.01513756480063032,Failure
900,2004.02.18.16.32.39,0.12071113848803731,0.6546762590964947,-0.03814794116918128,Failure
901,2004.02.18.16.42.39,0.12601823908478982,0.6512671864651218,-0.009077999061364143,Failure
902,2004.02.18.16.52.39,0.12889697940148995,0.7079267107692919,-0.02918422221605645,Failure
903,2004.02.18.17.02.39,0.14386658265043908,0.8912405209916154,-0.05088961815698416,Failure
904,2004.02.18.17.12.39,0.1530643899497957,0.9429930692778719,-0.1122825369483,Failure
905,2004.02.18.17.22.39,0.16624198964489612,1.348028731376786,-0.15382400122219914,Failure
906,2004.02.18.17.32.39,0.17545500989725793,1.1832916895998533,-0.19583726371785395,Failure
907,2004.02.18.17.42.39,0.18285186194832348,1.385662486057388,-0.1474993992217441,Failure
908,2004.02.18.17.52.39,0.18304781036359397,1.2336770503160857,-0.18561212556744408,Failure
909,2004.02.18.18.02.39,0.18434091303017047,1.3033661897808928,-0.19073549251913133,Failure
910,2004.02.18.18.12.39,0.17369571009967763,1.0203749635404202,-0.12467586737654203,Failure
911,2004.02.18.18.22.39,0.16510211595072383,1.067268555058079,-0.201966999536157,Failure
912,2004.02.18.18.32.39,0.17317741069831213,1.146197452969874,-0.22195755048521912,Failure
913,2004.02.18.18.42.39,0.17769195249213948,1.3526061061171646,-0.2817775343466567,Failure
914,2004.02.18.18.52.39,0.1765543943106221,1.339958487414516,-0.26450341831244795,Failure
915,2004.02.18.19.02.39,0.19303768417012682,1.830056361432022,-0.36030359222343433,Failure
916,2004.02.18.19.12.39,0.17691763882590783,1.3679778747043594,-0.3393154272723732,Failure
917,2004.02.18.19.22.39,0.17101502598113455,1.6965917277658908,-0.3344773035146301,Failure
918,2004.02.18.19.32.39,0.17515580745372283,1.7447864206890555,-0.32924695247123387,Failure
919,2004.02.18.19.42.39,0.16993852734495457,2.255060008475886,-0.45077160384147585,Failure
920,2004.02.18.19.52.39,0.17552127358377032,2.0630298792829587,-0.4857158727636599,Failure
921,2004.02.18.20.02.39,0.16959605990457519,2.1145702826278567,-0.4971611916160733,Failure
922,2004.02.18.20.12.39,0.18459811645737173,2.4108261616448203,-0.5200580426597082,Failure
923,2004.02.18.20.22.39,0.17965330544203745,2.0081460484581894,-0.4343205614019899,Failure
924,2004.02.18.20.32.39,0.17156891922189388,1.3135115993832214,-0.2936082830587539,Failure
925,2004.02.18.20.42.39,0.16924480048212523,1.0764268059592403,-0.17673628278770234,Failure
926,2004.02.18.20.52.39,0.1579695922949849,0.7112063302087432,-0.08883777360299291,Failure
927,2004.02.18.21.02.39,0.1509290111484535,0.878651414831352,0.006866219032791526,Failure
928,2004.02.18.21.12.39,0.1583352741280449,0.5093037113259804,0.07674579637395851,Failure
929,2004.02.18.21.22.39,0.1705056983331129,0.35985567966639387,0.0681160814807222,Failure
930,2004.02.18.21.32.39,0.1677026281379484,0.39780194254189105,-0.00043182890767171523,Failure
931,2004.02.18.21.42.39,0.17962051482417904,0.5302426757931595,0.002574150153878601,Failure
932,2004.02.18.21.52.39,0.192045559881796,0.7571049470480635,-0.005629730073812603,Failure
933,2004.02.18.22.02.39,0.19999621285476882,0.8609358829813223,-0.03924812192373888,Failure
934,2004.02.18.22.12.39,0.22445728524686076,1.4313680652798766,-0.10669167686950069,Failure
935,2004.02.18.22.22.39,0.26592951772685464,2.188355898835968,-0.11125421976237997,Failure
936,2004.02.18.22.32.39,0.2011581127574153,1.8162248042569438,-0.16298525492234306,Failure
937,2004.02.18.22.42.39,0.19690958785954438,1.4284091908193126,-0.1359941753525065,Failure
938,2004.02.18.22.52.39,0.19559759904444923,1.1907125645598269,-0.12753183836464382,Failure
939,2004.02.18.23.02.39,0.16647280153930175,0.7069339010890472,-0.04484150656569219,Failure
940,2004.02.18.23.12.39,0.16240046470838684,0.8365146408675304,-0.024820652209428296,Failure
941,2004.02.18.23.22.39,0.17006932323917576,0.8079763666608222,-0.04551257608637872,Failure
942,2004.02.18.23.32.39,0.16308295465086547,0.23859552164660824,0.11723719608632369,Failure
943,2004.02.18.23.42.39,0.19798816462121702,0.6918752464391398,-0.004004138534845936,Failure
944,2004.02.18.23.52.39,0.18847632684570761,0.6431576445294054,-0.05403764290827314,Failure
945,2004.02.19.00.02.39,0.21543727935965637,1.4587115959458021,-0.0800775765003318,Failure
946,2004.02.19.00.12.39,0.18385103886621773,0.8855776669293616,-0.14667225229555692,Failure
947,2004.02.19.00.22.39,0.16387582177044147,0.26447976532175055,0.12061113156540049,Failure
948,2004.02.19.00.32.39,0.1583213382414958,0.3269080575747445,0.05399367339447685,Failure
949,2004.02.19.00.42.39,0.16120348893169154,0.5962783117213477,-0.25055731948641863,Failure
950,2004.02.19.00.52.39,0.18293621668494187,0.9118408191974585,-0.423249668139527,Failure
951,2004.02.19.01.02.39,0.2144247164699143,1.374046176080066,-0.2926748782430145,Failure
952,2004.02.19.01.12.39,0.23728752594838,1.2521377158068745,-0.17984195166781017,Failure
953,2004.02.19.01.22.39,0.198759839575617,0.3930067403957853,-0.19093677965180295,Failure
954,2004.02.19.01.32.39,0.2361434556379342,0.6124751846308487,-0.19319551082658498,Failure
955,2004.02.19.01.42.39,0.20298839432938495,0.5611380194014495,-0.22013436599357836,Failure
956,2004.02.19.01.52.39,0.2210419021583139,0.4655669752736662,-0.11280704661740533,Failure
957,2004.02.19.02.02.39,0.20722116595824314,0.16874461540068753,-0.1609940615000826,Failure
958,2004.02.19.02.12.39,0.2615312065920325,0.819911092895623,-0.10261151291043294,Failure
959,2004.02.19.02.22.39,0.201622636741226,0.5009320077403623,-0.26483687107115017,Failure
960,2004.02.19.02.32.39,0.22289943638384188,0.5709460275133078,-0.041422024337299315,Failure
961,2004.02.19.02.42.39,0.25924244834032173,0.16828137278919275,-0.08595345870240616,Failure
962,2004.02.19.02.52.39,0.2316656449388253,0.2930961828855869,0.019681875412551994,Failure
963,2004.02.19.03.02.39,0.23457642022127484,0.4463146708758181,0.08978843698189212,Failure
964,2004.02.19.03.12.39,0.24749721490699395,0.16235307119876907,0.11966536501132338,Failure
965,2004.02.19.03.22.39,0.2971881006007338,0.4668719209344352,-0.16700413678198536,Failure
966,2004.02.19.03.32.39,0.29165111235496877,0.17370458548626067,-0.02716674849906475,Failure
967,2004.02.19.03.42.39,0.3437355161721363,-0.26454133607088526,-0.06269775323698136,Failure
968,2004.02.19.03.52.39,0.3148111378891517,-0.25887405123123797,0.00787722699192807,Failure
969,2004.02.19.04.02.39,0.3257155681690027,1.5961439154093577,-0.12227076376189232,Failure
970,2004.02.19.04.12.39,0.35309010723627615,2.2372547302258763,-0.2796229613719415,Failure
971,2004.02.19.04.22.39,0.429678447916015,6.0228666429516124,-0.08938739103100905,Failure
972,2004.02.19.04.32.39,0.41556983063121816,2.7108349028301966,-0.06558850742323999,Failure
973,2004.02.19.04.42.39,0.37168108658761895,8.78736473241632,-0.0720069162860087,Failure
974,2004.02.19.04.52.39,0.44767279010673977,3.161553346450286,-0.468654951277646,Failure
975,2004.02.19.05.02.39,0.6721374879698163,14.110009232265156,-0.7660666557271534,Failure
976,2004.02.19.05.12.39,0.530956128967989,9.796460845214698,-0.416445831645933,Failure
977,2004.02.19.05.22.39,0.4459182473835416,1.624277812551865,-0.1593117319267757,Failure
978,2004.02.19.05.32.39,0.38697483181595205,0.46885747700291747,-0.12403412787470645,Failure
979,2004.02.19.05.42.39,0.7250014697250727,12.577704574521317,-0.5105564427793186,Failure
